country,country_slug,dimension,year,source,source_url,source_reliability,related_observation_ids,related_project_ids,variable_id,raw_value,unit,calculation_method,data_completeness,model_eligible,limitation_note,calculation_trace,normalized_score,weight
"波兰","poland","project",,"待接入",,"D","[]","[]","eligible_project_count","0","projects","count verified, quantifiable A/B-source projects","0","false","只接纳已核验、可量化且为 A/B 级来源的项目；项目库不是企业总体普查，少于两项时不形成可比项目分数。",,"0","0.45"
"波兰","poland","project",,"待接入",,"D","[]","[]","active_project_share",,"% eligible projects","active eligible projects / eligible projects * 100","0","false","项目状态来自核验记录，不能替代官方投资存量。",,,"0.3"
"波兰","poland","project",,"待接入",,"D","[]","[]","project_sector_concentration",,"% eligible projects","largest eligible project sector count / eligible projects * 100","0","false","小样本集中度容易受单个项目影响，只作为项目维度内部描述。",,,"0.25"
"波兰","poland","trade","2024","UN Comtrade","https://comtradeapi.un.org/public/v1/preview/C/A/HS?period=2024&reporterCode=616&cmdCode=TOTAL&flowCode=X&partnerCode=156&partner2Code=0&customsCode=C00&motCode=0&maxRecords=500","A","[]","[]","china_export_share","0.943","% goods trade","exports_to_China / exports_to_world * 100","100","true","只覆盖货物贸易，不覆盖服务贸易；2024 年横截面不说明长期依赖趋势。","{""numerator"":3584888550,""denominator"":380333187161,""numerator_source_url"":""https://comtradeapi.un.org/public/v1/preview/C/A/HS?period=2024&reporterCode=616&cmdCode=TOTAL&flowCode=X&partnerCode=156&partner2Code=0&customsCode=C00&motCode=0&maxRecords=500"",""denominator_source_url"":""https://comtradeapi.un.org/public/v1/preview/C/A/HS?period=2024&reporterCode=616&cmdCode=TOTAL&flowCode=X&partnerCode=0&partner2Code=0&customsCode=C00&motCode=0&maxRecords=500"",""formula"":""exports_to_China / exports_to_world * 100""}","9.4","0.35"
"波兰","poland","trade","2024","UN Comtrade","https://comtradeapi.un.org/public/v1/preview/C/A/HS?period=2024&reporterCode=616&cmdCode=TOTAL&flowCode=M&partnerCode=156&partner2Code=0&customsCode=C00&motCode=0&maxRecords=500","A","[]","[]","china_import_share","14.512","% goods trade","imports_from_China / imports_from_world * 100","100","true","只覆盖货物贸易，不覆盖服务贸易；2024 年横截面不说明长期依赖趋势。","{""numerator"":55071604745,""denominator"":379496069834,""numerator_source_url"":""https://comtradeapi.un.org/public/v1/preview/C/A/HS?period=2024&reporterCode=616&cmdCode=TOTAL&flowCode=M&partnerCode=156&partner2Code=0&customsCode=C00&motCode=0&maxRecords=500"",""denominator_source_url"":""https://comtradeapi.un.org/public/v1/preview/C/A/HS?period=2024&reporterCode=616&cmdCode=TOTAL&flowCode=M&partnerCode=0&partner2Code=0&customsCode=C00&motCode=0&maxRecords=500"",""formula"":""imports_from_China / imports_from_world * 100""}","72.6","0.35"
"波兰","poland","trade","2024","UN Comtrade","https://comtradeapi.un.org/public/v1/preview/C/A/HS?period=2024&reporterCode=616&cmdCode=TOTAL&flowCode=X&partnerCode=156&partner2Code=0&customsCode=C00&motCode=0&maxRecords=500","A","[]","[]","china_trade_share","7.72","% goods trade","(exports_to_China + imports_from_China) / (exports_to_world + imports_from_world) * 100","100","true","只覆盖货物贸易，不覆盖服务贸易；2024 年横截面不说明长期依赖趋势。","{""numerator"":58656493295,""denominator"":759829256995,""numerator_source_url"":""https://comtradeapi.un.org/public/v1/preview/C/A/HS?period=2024&reporterCode=616&cmdCode=TOTAL&flowCode=X&partnerCode=156&partner2Code=0&customsCode=C00&motCode=0&maxRecords=500"",""denominator_source_url"":""https://comtradeapi.un.org/public/v1/preview/C/A/HS?period=2024&reporterCode=616&cmdCode=TOTAL&flowCode=X&partnerCode=0&partner2Code=0&customsCode=C00&motCode=0&maxRecords=500"",""formula"":""(exports_to_China + imports_from_China) / (exports_to_world + imports_from_world) * 100""}","51.5","0.3"
"波兰","poland","investment",,"待接入统一 China-origin FDI source",,"D","[]","[]","china_origin_fdi_stock_or_flow",,"million EUR","not calculated","0","false","普通 FDI 流量不等于中国来源 FDI；0 项项目金额记录因币种、状态与概念不同，仅保留在项目库，不合并。",,,"1"
"波兰","poland","industrial","2025","Eurostat","https://ec.europa.eu/eurostat/api/dissemination/statistics/1.0/data/nama_10_a10?lang=en&freq=A&unit=PC_GDP&na_item=B1G&nace_r2=C&geo=PL&sinceTimePeriod=2025&untilTimePeriod=2025","A","[""v4:poland:manufacturing_share_gdp:2025""]","[]","manufacturing_share_gdp","14.4","%","无","100","true","一般产业结构变量不单独证明对华暴露，必须与可核验涉华产业项目共同解释。",,"29.3","0.2"
"波兰","poland","industrial","2024","Eurostat","https://ec.europa.eu/eurostat/api/dissemination/statistics/1.0/data/ext_tec09?lang=en&freq=A&unit=THS_EUR&stk_flow=EXP&partner=WORLD&nace_r2=C29&geo=PL&sinceTimePeriod=2024&untilTimePeriod=2024","A","[""v4:poland:automotive_export_share:2024""]","[]","automotive_export_share","14.981","%","NACE_C29_exports / total_NACE_exports * 100","100","true","一般产业结构变量不单独证明对华暴露，必须与可核验涉华产业项目共同解释。","{""numerator"":38671567,""denominator"":258129974,""numerator_source_url"":""https://ec.europa.eu/eurostat/api/dissemination/statistics/1.0/data/ext_tec09?lang=en&freq=A&unit=THS_EUR&stk_flow=EXP&partner=WORLD&nace_r2=C29&geo=PL&sinceTimePeriod=2024&untilTimePeriod=2024"",""denominator_source_url"":""https://ec.europa.eu/eurostat/api/dissemination/statistics/1.0/data/ext_tec09?lang=en&freq=A&unit=THS_EUR&stk_flow=EXP&partner=WORLD&nace_r2=TOTAL&geo=PL&sinceTimePeriod=2024&untilTimePeriod=2024"",""formula"":""NACE_C29_exports / total_NACE_exports * 100""}","25","0.25"
"波兰","poland","industrial","2024","UN Comtrade","https://comtradeapi.un.org/public/v1/preview/C/A/HS?period=2024&reporterCode=616&cmdCode=TOTAL&flowCode=X&partnerCode=276&partner2Code=0&customsCode=C00&motCode=0&maxRecords=500","A","[""transmission:poland:germany_export_dependence:2024""]","[]","germany_export_dependence","27.063","% exports","exports_to_Germany / exports_to_world * 100","100","true","一般产业结构变量不单独证明对华暴露，必须与可核验涉华产业项目共同解释。","{""numerator"":102929212719,""denominator"":380333187161,""numerator_source_url"":""https://comtradeapi.un.org/public/v1/preview/C/A/HS?period=2024&reporterCode=616&cmdCode=TOTAL&flowCode=X&partnerCode=276&partner2Code=0&customsCode=C00&motCode=0&maxRecords=500"",""denominator_source_url"":""https://comtradeapi.un.org/public/v1/preview/C/A/HS?period=2024&reporterCode=616&cmdCode=TOTAL&flowCode=X&partnerCode=0&partner2Code=0&customsCode=C00&motCode=0&maxRecords=500"",""formula"":""exports_to_Germany / exports_to_world * 100""}","56.9","0.15"
"波兰","poland","industrial","2024","Eurostat nrg_pc_205","https://ec.europa.eu/eurostat/api/dissemination/statistics/1.0/data/nrg_pc_205?lang=en&freq=S&currency=EUR&nrg_cons=MWH500-1999&unit=KWH&tax=I_TAX&geo=PL&sinceTimePeriod=2024-S1&untilTimePeriod=2024-S1","A","[""transmission:poland:industrial_electricity_price:2024""]","[]","industrial_electricity_price","0.2573","欧元/kWh","(semester_1 + semester_2) / 2","100","true","一般产业结构变量不单独证明对华暴露，必须与可核验涉华产业项目共同解释。","{""numerator"":0.2563,""denominator"":0.2583,""numerator_source_url"":""https://ec.europa.eu/eurostat/api/dissemination/statistics/1.0/data/nrg_pc_205?lang=en&freq=S&currency=EUR&nrg_cons=MWH500-1999&unit=KWH&tax=I_TAX&geo=PL&sinceTimePeriod=2024-S1&untilTimePeriod=2024-S1"",""denominator_source_url"":""https://ec.europa.eu/eurostat/api/dissemination/statistics/1.0/data/nrg_pc_205?lang=en&freq=S&currency=EUR&nrg_cons=MWH500-1999&unit=KWH&tax=I_TAX&geo=PL&sinceTimePeriod=2024-S2&untilTimePeriod=2024-S2"",""formula"":""(semester_1 + semester_2) / 2""}","52.4","0.1"
"波兰","poland","industrial","2024","Transparent Models / Industrial Dependency",,"A","[""v4:poland:manufacturing_share_gdp:2024"",""v4:poland:automotive_export_share:2024"",""transmission:poland:germany_export_dependence:2024"",""transmission:poland:industrial_electricity_price:2024""]","[]","industrial_dependency_score","41.5","0-100 comparative score","reuse published v0.70 transparent output without changing its formula","100","true","该输入描述一般产业结构，只在存在可核验涉华产业项目时用于对华产业维度。",,"41.5","0.15"
"波兰","poland","industrial",,"待接入",,"D","[]","[]","china_linked_industrial_project_presence",,"binary verified presence","1 only when an A/B-source industrial project exists; missing coverage remains null","0","false","存在变量不表示投资规模、产能或供应链控制程度。",,,"0.15"
"匈牙利","hungary","project",,"China Project Database","https://bbrailway.hu/","A","[]","[""hu-budapest-belgrade-rail""]","eligible_project_count","1","projects","count verified, quantifiable A/B-source projects","50","false","只接纳已核验、可量化且为 A/B 级来源的项目；项目库不是企业总体普查，少于两项时不形成可比项目分数。",,"25","0.45"
"匈牙利","hungary","project",,"China Project Database","https://bbrailway.hu/","A","[]","[""hu-budapest-belgrade-rail""]","active_project_share",,"% eligible projects","active eligible projects / eligible projects * 100","0","false","项目状态来自核验记录，不能替代官方投资存量。",,,"0.3"
"匈牙利","hungary","project",,"China Project Database","https://bbrailway.hu/","A","[]","[""hu-budapest-belgrade-rail""]","project_sector_concentration",,"% eligible projects","largest eligible project sector count / eligible projects * 100","0","false","小样本集中度容易受单个项目影响，只作为项目维度内部描述。",,,"0.25"
"匈牙利","hungary","trade","2024","UN Comtrade","https://comtradeapi.un.org/public/v1/preview/C/A/HS?period=2024&reporterCode=348&cmdCode=TOTAL&flowCode=X&partnerCode=156&partner2Code=0&customsCode=C00&motCode=0&maxRecords=500","A","[]","[]","china_export_share","1.251","% goods trade","exports_to_China / exports_to_world * 100","100","true","只覆盖货物贸易，不覆盖服务贸易；2024 年横截面不说明长期依赖趋势。","{""numerator"":1933892411.176,""denominator"":154545713825.039,""numerator_source_url"":""https://comtradeapi.un.org/public/v1/preview/C/A/HS?period=2024&reporterCode=348&cmdCode=TOTAL&flowCode=X&partnerCode=156&partner2Code=0&customsCode=C00&motCode=0&maxRecords=500"",""denominator_source_url"":""https://comtradeapi.un.org/public/v1/preview/C/A/HS?period=2024&reporterCode=348&cmdCode=TOTAL&flowCode=X&partnerCode=0&partner2Code=0&customsCode=C00&motCode=0&maxRecords=500"",""formula"":""exports_to_China / exports_to_world * 100""}","12.5","0.35"
"匈牙利","hungary","trade","2024","UN Comtrade","https://comtradeapi.un.org/public/v1/preview/C/A/HS?period=2024&reporterCode=348&cmdCode=TOTAL&flowCode=M&partnerCode=156&partner2Code=0&customsCode=C00&motCode=0&maxRecords=500","A","[]","[]","china_import_share","6.784","% goods trade","imports_from_China / imports_from_world * 100","100","true","只覆盖货物贸易，不覆盖服务贸易；2024 年横截面不说明长期依赖趋势。","{""numerator"":9747209470.688,""denominator"":143669146379.315,""numerator_source_url"":""https://comtradeapi.un.org/public/v1/preview/C/A/HS?period=2024&reporterCode=348&cmdCode=TOTAL&flowCode=M&partnerCode=156&partner2Code=0&customsCode=C00&motCode=0&maxRecords=500"",""denominator_source_url"":""https://comtradeapi.un.org/public/v1/preview/C/A/HS?period=2024&reporterCode=348&cmdCode=TOTAL&flowCode=M&partnerCode=0&partner2Code=0&customsCode=C00&motCode=0&maxRecords=500"",""formula"":""imports_from_China / imports_from_world * 100""}","33.9","0.35"
"匈牙利","hungary","trade","2024","UN Comtrade","https://comtradeapi.un.org/public/v1/preview/C/A/HS?period=2024&reporterCode=348&cmdCode=TOTAL&flowCode=X&partnerCode=156&partner2Code=0&customsCode=C00&motCode=0&maxRecords=500","A","[]","[]","china_trade_share","3.917","% goods trade","(exports_to_China + imports_from_China) / (exports_to_world + imports_from_world) * 100","100","true","只覆盖货物贸易，不覆盖服务贸易；2024 年横截面不说明长期依赖趋势。","{""numerator"":11681101881.864,""denominator"":298214860204.354,""numerator_source_url"":""https://comtradeapi.un.org/public/v1/preview/C/A/HS?period=2024&reporterCode=348&cmdCode=TOTAL&flowCode=X&partnerCode=156&partner2Code=0&customsCode=C00&motCode=0&maxRecords=500"",""denominator_source_url"":""https://comtradeapi.un.org/public/v1/preview/C/A/HS?period=2024&reporterCode=348&cmdCode=TOTAL&flowCode=X&partnerCode=0&partner2Code=0&customsCode=C00&motCode=0&maxRecords=500"",""formula"":""(exports_to_China + imports_from_China) / (exports_to_world + imports_from_world) * 100""}","26.1","0.3"
"匈牙利","hungary","investment",,"待接入统一 China-origin FDI source",,"D","[]","[""hu-budapest-belgrade-rail""]","china_origin_fdi_stock_or_flow",,"million EUR","not calculated","0","false","普通 FDI 流量不等于中国来源 FDI；1 项项目金额记录因币种、状态与概念不同，仅保留在项目库，不合并。",,,"1"
"匈牙利","hungary","industrial","2025","Eurostat","https://ec.europa.eu/eurostat/api/dissemination/statistics/1.0/data/nama_10_a10?lang=en&freq=A&unit=PC_GDP&na_item=B1G&nace_r2=C&geo=HU&sinceTimePeriod=2025&untilTimePeriod=2025","A","[""v4:hungary:manufacturing_share_gdp:2025""]","[]","manufacturing_share_gdp","15.1","%","无","100","true","一般产业结构变量不单独证明对华暴露，必须与可核验涉华产业项目共同解释。",,"34","0.2"
"匈牙利","hungary","industrial","2024","Eurostat","https://ec.europa.eu/eurostat/api/dissemination/statistics/1.0/data/ext_tec09?lang=en&freq=A&unit=THS_EUR&stk_flow=EXP&partner=WORLD&nace_r2=C29&geo=HU&sinceTimePeriod=2024&untilTimePeriod=2024","A","[""v4:hungary:automotive_export_share:2024""]","[]","automotive_export_share","21.91","%","NACE_C29_exports / total_NACE_exports * 100","100","true","一般产业结构变量不单独证明对华暴露，必须与可核验涉华产业项目共同解释。","{""numerator"":21835239.7,""denominator"":99658641.76,""numerator_source_url"":""https://ec.europa.eu/eurostat/api/dissemination/statistics/1.0/data/ext_tec09?lang=en&freq=A&unit=THS_EUR&stk_flow=EXP&partner=WORLD&nace_r2=C29&geo=HU&sinceTimePeriod=2024&untilTimePeriod=2024"",""denominator_source_url"":""https://ec.europa.eu/eurostat/api/dissemination/statistics/1.0/data/ext_tec09?lang=en&freq=A&unit=THS_EUR&stk_flow=EXP&partner=WORLD&nace_r2=TOTAL&geo=HU&sinceTimePeriod=2024&untilTimePeriod=2024"",""formula"":""NACE_C29_exports / total_NACE_exports * 100""}","42.3","0.25"
"匈牙利","hungary","industrial","2024","UN Comtrade","https://comtradeapi.un.org/public/v1/preview/C/A/HS?period=2024&reporterCode=348&cmdCode=TOTAL&flowCode=X&partnerCode=276&partner2Code=0&customsCode=C00&motCode=0&maxRecords=500","A","[""transmission:hungary:germany_export_dependence:2024""]","[]","germany_export_dependence","24.6","% exports","exports_to_Germany / exports_to_world * 100","100","true","一般产业结构变量不单独证明对华暴露，必须与可核验涉华产业项目共同解释。","{""numerator"":38018790013.193,""denominator"":154545713825.039,""numerator_source_url"":""https://comtradeapi.un.org/public/v1/preview/C/A/HS?period=2024&reporterCode=348&cmdCode=TOTAL&flowCode=X&partnerCode=276&partner2Code=0&customsCode=C00&motCode=0&maxRecords=500"",""denominator_source_url"":""https://comtradeapi.un.org/public/v1/preview/C/A/HS?period=2024&reporterCode=348&cmdCode=TOTAL&flowCode=X&partnerCode=0&partner2Code=0&customsCode=C00&motCode=0&maxRecords=500"",""formula"":""exports_to_Germany / exports_to_world * 100""}","48.7","0.15"
"匈牙利","hungary","industrial","2024","Eurostat nrg_pc_205","https://ec.europa.eu/eurostat/api/dissemination/statistics/1.0/data/nrg_pc_205?lang=en&freq=S&currency=EUR&nrg_cons=MWH500-1999&unit=KWH&tax=I_TAX&geo=HU&sinceTimePeriod=2024-S1&untilTimePeriod=2024-S1","A","[""transmission:hungary:industrial_electricity_price:2024""]","[]","industrial_electricity_price","0.28495","欧元/kWh","(semester_1 + semester_2) / 2","100","true","一般产业结构变量不单独证明对华暴露，必须与可核验涉华产业项目共同解释。","{""numerator"":0.2838,""denominator"":0.2861,""numerator_source_url"":""https://ec.europa.eu/eurostat/api/dissemination/statistics/1.0/data/nrg_pc_205?lang=en&freq=S&currency=EUR&nrg_cons=MWH500-1999&unit=KWH&tax=I_TAX&geo=HU&sinceTimePeriod=2024-S1&untilTimePeriod=2024-S1"",""denominator_source_url"":""https://ec.europa.eu/eurostat/api/dissemination/statistics/1.0/data/nrg_pc_205?lang=en&freq=S&currency=EUR&nrg_cons=MWH500-1999&unit=KWH&tax=I_TAX&geo=HU&sinceTimePeriod=2024-S2&untilTimePeriod=2024-S2"",""formula"":""(semester_1 + semester_2) / 2""}","61.6","0.1"
"匈牙利","hungary","industrial","2024","Transparent Models / Industrial Dependency",,"A","[""v4:hungary:manufacturing_share_gdp:2024"",""v4:hungary:automotive_export_share:2024"",""transmission:hungary:germany_export_dependence:2024"",""transmission:hungary:industrial_electricity_price:2024""]","[]","industrial_dependency_score","46.3","0-100 comparative score","reuse published v0.70 transparent output without changing its formula","100","true","该输入描述一般产业结构，只在存在可核验涉华产业项目时用于对华产业维度。",,"46.3","0.15"
"匈牙利","hungary","industrial",,"待接入",,"D","[]","[]","china_linked_industrial_project_presence",,"binary verified presence","1 only when an A/B-source industrial project exists; missing coverage remains null","0","false","存在变量不表示投资规模、产能或供应链控制程度。",,,"0.15"
"捷克","czechia","project",,"待接入",,"D","[]","[]","eligible_project_count","0","projects","count verified, quantifiable A/B-source projects","0","false","只接纳已核验、可量化且为 A/B 级来源的项目；项目库不是企业总体普查，少于两项时不形成可比项目分数。",,"0","0.45"
"捷克","czechia","project",,"待接入",,"D","[]","[]","active_project_share",,"% eligible projects","active eligible projects / eligible projects * 100","0","false","项目状态来自核验记录，不能替代官方投资存量。",,,"0.3"
"捷克","czechia","project",,"待接入",,"D","[]","[]","project_sector_concentration",,"% eligible projects","largest eligible project sector count / eligible projects * 100","0","false","小样本集中度容易受单个项目影响，只作为项目维度内部描述。",,,"0.25"
"捷克","czechia","trade","2024","UN Comtrade","https://comtradeapi.un.org/public/v1/preview/C/A/HS?period=2024&reporterCode=203&cmdCode=TOTAL&flowCode=X&partnerCode=156&partner2Code=0&customsCode=C00&motCode=0&maxRecords=500","A","[]","[]","china_export_share","1.266","% goods trade","exports_to_China / exports_to_world * 100","100","true","只覆盖货物贸易，不覆盖服务贸易；2024 年横截面不说明长期依赖趋势。","{""numerator"":3283463797,""denominator"":259292432445,""numerator_source_url"":""https://comtradeapi.un.org/public/v1/preview/C/A/HS?period=2024&reporterCode=203&cmdCode=TOTAL&flowCode=X&partnerCode=156&partner2Code=0&customsCode=C00&motCode=0&maxRecords=500"",""denominator_source_url"":""https://comtradeapi.un.org/public/v1/preview/C/A/HS?period=2024&reporterCode=203&cmdCode=TOTAL&flowCode=X&partnerCode=0&partner2Code=0&customsCode=C00&motCode=0&maxRecords=500"",""formula"":""exports_to_China / exports_to_world * 100""}","12.7","0.35"
"捷克","czechia","trade","2024","UN Comtrade","https://comtradeapi.un.org/public/v1/preview/C/A/HS?period=2024&reporterCode=203&cmdCode=TOTAL&flowCode=M&partnerCode=156&partner2Code=0&customsCode=C00&motCode=0&maxRecords=500","A","[]","[]","china_import_share","17.093","% goods trade","imports_from_China / imports_from_world * 100","100","true","只覆盖货物贸易，不覆盖服务贸易；2024 年横截面不说明长期依赖趋势。","{""numerator"":39210201223,""denominator"":229396961967,""numerator_source_url"":""https://comtradeapi.un.org/public/v1/preview/C/A/HS?period=2024&reporterCode=203&cmdCode=TOTAL&flowCode=M&partnerCode=156&partner2Code=0&customsCode=C00&motCode=0&maxRecords=500"",""denominator_source_url"":""https://comtradeapi.un.org/public/v1/preview/C/A/HS?period=2024&reporterCode=203&cmdCode=TOTAL&flowCode=M&partnerCode=0&partner2Code=0&customsCode=C00&motCode=0&maxRecords=500"",""formula"":""imports_from_China / imports_from_world * 100""}","85.5","0.35"
"捷克","czechia","trade","2024","UN Comtrade","https://comtradeapi.un.org/public/v1/preview/C/A/HS?period=2024&reporterCode=203&cmdCode=TOTAL&flowCode=X&partnerCode=156&partner2Code=0&customsCode=C00&motCode=0&maxRecords=500","A","[]","[]","china_trade_share","8.695","% goods trade","(exports_to_China + imports_from_China) / (exports_to_world + imports_from_world) * 100","100","true","只覆盖货物贸易，不覆盖服务贸易；2024 年横截面不说明长期依赖趋势。","{""numerator"":42493665020,""denominator"":488689394412,""numerator_source_url"":""https://comtradeapi.un.org/public/v1/preview/C/A/HS?period=2024&reporterCode=203&cmdCode=TOTAL&flowCode=X&partnerCode=156&partner2Code=0&customsCode=C00&motCode=0&maxRecords=500"",""denominator_source_url"":""https://comtradeapi.un.org/public/v1/preview/C/A/HS?period=2024&reporterCode=203&cmdCode=TOTAL&flowCode=X&partnerCode=0&partner2Code=0&customsCode=C00&motCode=0&maxRecords=500"",""formula"":""(exports_to_China + imports_from_China) / (exports_to_world + imports_from_world) * 100""}","58","0.3"
"捷克","czechia","investment",,"待接入统一 China-origin FDI source",,"D","[]","[]","china_origin_fdi_stock_or_flow",,"million EUR","not calculated","0","false","普通 FDI 流量不等于中国来源 FDI；0 项项目金额记录因币种、状态与概念不同，仅保留在项目库，不合并。",,,"1"
"捷克","czechia","industrial","2025","Eurostat","https://ec.europa.eu/eurostat/api/dissemination/statistics/1.0/data/nama_10_a10?lang=en&freq=A&unit=PC_GDP&na_item=B1G&nace_r2=C&geo=CZ&sinceTimePeriod=2025&untilTimePeriod=2025","A","[""v4:czechia:manufacturing_share_gdp:2025""]","[]","manufacturing_share_gdp","19","%","无","100","true","一般产业结构变量不单独证明对华暴露，必须与可核验涉华产业项目共同解释。",,"60","0.2"
"捷克","czechia","industrial","2024","Eurostat","https://ec.europa.eu/eurostat/api/dissemination/statistics/1.0/data/ext_tec09?lang=en&freq=A&unit=THS_EUR&stk_flow=EXP&partner=WORLD&nace_r2=C29&geo=CZ&sinceTimePeriod=2024&untilTimePeriod=2024","A","[""v4:czechia:automotive_export_share:2024""]","[]","automotive_export_share","32.356","%","NACE_C29_exports / total_NACE_exports * 100","100","true","一般产业结构变量不单独证明对华暴露，必须与可核验涉华产业项目共同解释。","{""numerator"":48864912.81,""denominator"":151024744.5,""numerator_source_url"":""https://ec.europa.eu/eurostat/api/dissemination/statistics/1.0/data/ext_tec09?lang=en&freq=A&unit=THS_EUR&stk_flow=EXP&partner=WORLD&nace_r2=C29&geo=CZ&sinceTimePeriod=2024&untilTimePeriod=2024"",""denominator_source_url"":""https://ec.europa.eu/eurostat/api/dissemination/statistics/1.0/data/ext_tec09?lang=en&freq=A&unit=THS_EUR&stk_flow=EXP&partner=WORLD&nace_r2=TOTAL&geo=CZ&sinceTimePeriod=2024&untilTimePeriod=2024"",""formula"":""NACE_C29_exports / total_NACE_exports * 100""}","68.4","0.25"
"捷克","czechia","industrial","2024","UN Comtrade","https://comtradeapi.un.org/public/v1/preview/C/A/HS?period=2024&reporterCode=203&cmdCode=TOTAL&flowCode=X&partnerCode=276&partner2Code=0&customsCode=C00&motCode=0&maxRecords=500","A","[""transmission:czechia:germany_export_dependence:2024""]","[]","germany_export_dependence","32.211","% exports","exports_to_Germany / exports_to_world * 100","100","true","一般产业结构变量不单独证明对华暴露，必须与可核验涉华产业项目共同解释。","{""numerator"":83519431269,""denominator"":259292432445,""numerator_source_url"":""https://comtradeapi.un.org/public/v1/preview/C/A/HS?period=2024&reporterCode=203&cmdCode=TOTAL&flowCode=X&partnerCode=276&partner2Code=0&customsCode=C00&motCode=0&maxRecords=500"",""denominator_source_url"":""https://comtradeapi.un.org/public/v1/preview/C/A/HS?period=2024&reporterCode=203&cmdCode=TOTAL&flowCode=X&partnerCode=0&partner2Code=0&customsCode=C00&motCode=0&maxRecords=500"",""formula"":""exports_to_Germany / exports_to_world * 100""}","74","0.15"
"捷克","czechia","industrial","2024","Eurostat nrg_pc_205","https://ec.europa.eu/eurostat/api/dissemination/statistics/1.0/data/nrg_pc_205?lang=en&freq=S&currency=EUR&nrg_cons=MWH500-1999&unit=KWH&tax=I_TAX&geo=CZ&sinceTimePeriod=2024-S1&untilTimePeriod=2024-S1","A","[""transmission:czechia:industrial_electricity_price:2024""]","[]","industrial_electricity_price","0.2293","欧元/kWh","(semester_1 + semester_2) / 2","100","true","一般产业结构变量不单独证明对华暴露，必须与可核验涉华产业项目共同解释。","{""numerator"":0.2239,""denominator"":0.2347,""numerator_source_url"":""https://ec.europa.eu/eurostat/api/dissemination/statistics/1.0/data/nrg_pc_205?lang=en&freq=S&currency=EUR&nrg_cons=MWH500-1999&unit=KWH&tax=I_TAX&geo=CZ&sinceTimePeriod=2024-S1&untilTimePeriod=2024-S1"",""denominator_source_url"":""https://ec.europa.eu/eurostat/api/dissemination/statistics/1.0/data/nrg_pc_205?lang=en&freq=S&currency=EUR&nrg_cons=MWH500-1999&unit=KWH&tax=I_TAX&geo=CZ&sinceTimePeriod=2024-S2&untilTimePeriod=2024-S2"",""formula"":""(semester_1 + semester_2) / 2""}","43.1","0.1"
"捷克","czechia","industrial","2024","Transparent Models / Industrial Dependency",,"A","[""v4:czechia:manufacturing_share_gdp:2024"",""v4:czechia:automotive_export_share:2024"",""transmission:czechia:germany_export_dependence:2024"",""transmission:czechia:industrial_electricity_price:2024""]","[]","industrial_dependency_score","66.2","0-100 comparative score","reuse published v0.70 transparent output without changing its formula","100","true","该输入描述一般产业结构，只在存在可核验涉华产业项目时用于对华产业维度。",,"66.2","0.15"
"捷克","czechia","industrial",,"待接入",,"D","[]","[]","china_linked_industrial_project_presence",,"binary verified presence","1 only when an A/B-source industrial project exists; missing coverage remains null","0","false","存在变量不表示投资规模、产能或供应链控制程度。",,,"0.15"
"斯洛伐克","slovakia","project",,"待接入",,"D","[]","[]","eligible_project_count","0","projects","count verified, quantifiable A/B-source projects","0","false","只接纳已核验、可量化且为 A/B 级来源的项目；项目库不是企业总体普查，少于两项时不形成可比项目分数。",,"0","0.45"
"斯洛伐克","slovakia","project",,"待接入",,"D","[]","[]","active_project_share",,"% eligible projects","active eligible projects / eligible projects * 100","0","false","项目状态来自核验记录，不能替代官方投资存量。",,,"0.3"
"斯洛伐克","slovakia","project",,"待接入",,"D","[]","[]","project_sector_concentration",,"% eligible projects","largest eligible project sector count / eligible projects * 100","0","false","小样本集中度容易受单个项目影响，只作为项目维度内部描述。",,,"0.25"
"斯洛伐克","slovakia","trade","2024","UN Comtrade","https://comtradeapi.un.org/public/v1/preview/C/A/HS?period=2024&reporterCode=703&cmdCode=TOTAL&flowCode=X&partnerCode=156&partner2Code=0&customsCode=C00&motCode=0&maxRecords=500","A","[]","[]","china_export_share","2.395","% goods trade","exports_to_China / exports_to_world * 100","100","true","只覆盖货物贸易，不覆盖服务贸易；2024 年横截面不说明长期依赖趋势。","{""numerator"":2768213204.784,""denominator"":115575455095.801,""numerator_source_url"":""https://comtradeapi.un.org/public/v1/preview/C/A/HS?period=2024&reporterCode=703&cmdCode=TOTAL&flowCode=X&partnerCode=156&partner2Code=0&customsCode=C00&motCode=0&maxRecords=500"",""denominator_source_url"":""https://comtradeapi.un.org/public/v1/preview/C/A/HS?period=2024&reporterCode=703&cmdCode=TOTAL&flowCode=X&partnerCode=0&partner2Code=0&customsCode=C00&motCode=0&maxRecords=500"",""formula"":""exports_to_China / exports_to_world * 100""}","23.9","0.35"
"斯洛伐克","slovakia","trade","2024","UN Comtrade","https://comtradeapi.un.org/public/v1/preview/C/A/HS?period=2024&reporterCode=703&cmdCode=TOTAL&flowCode=M&partnerCode=156&partner2Code=0&customsCode=C00&motCode=0&maxRecords=500","A","[]","[]","china_import_share","7.344","% goods trade","imports_from_China / imports_from_world * 100","100","true","只覆盖货物贸易，不覆盖服务贸易；2024 年横截面不说明长期依赖趋势。","{""numerator"":8495738441.388,""denominator"":115675104865.238,""numerator_source_url"":""https://comtradeapi.un.org/public/v1/preview/C/A/HS?period=2024&reporterCode=703&cmdCode=TOTAL&flowCode=M&partnerCode=156&partner2Code=0&customsCode=C00&motCode=0&maxRecords=500"",""denominator_source_url"":""https://comtradeapi.un.org/public/v1/preview/C/A/HS?period=2024&reporterCode=703&cmdCode=TOTAL&flowCode=M&partnerCode=0&partner2Code=0&customsCode=C00&motCode=0&maxRecords=500"",""formula"":""imports_from_China / imports_from_world * 100""}","36.7","0.35"
"斯洛伐克","slovakia","trade","2024","UN Comtrade","https://comtradeapi.un.org/public/v1/preview/C/A/HS?period=2024&reporterCode=703&cmdCode=TOTAL&flowCode=X&partnerCode=156&partner2Code=0&customsCode=C00&motCode=0&maxRecords=500","A","[]","[]","china_trade_share","4.871","% goods trade","(exports_to_China + imports_from_China) / (exports_to_world + imports_from_world) * 100","100","true","只覆盖货物贸易，不覆盖服务贸易；2024 年横截面不说明长期依赖趋势。","{""numerator"":11263951646.171999,""denominator"":231250559961.039,""numerator_source_url"":""https://comtradeapi.un.org/public/v1/preview/C/A/HS?period=2024&reporterCode=703&cmdCode=TOTAL&flowCode=X&partnerCode=156&partner2Code=0&customsCode=C00&motCode=0&maxRecords=500"",""denominator_source_url"":""https://comtradeapi.un.org/public/v1/preview/C/A/HS?period=2024&reporterCode=703&cmdCode=TOTAL&flowCode=X&partnerCode=0&partner2Code=0&customsCode=C00&motCode=0&maxRecords=500"",""formula"":""(exports_to_China + imports_from_China) / (exports_to_world + imports_from_world) * 100""}","32.5","0.3"
"斯洛伐克","slovakia","investment",,"待接入统一 China-origin FDI source",,"D","[]","[]","china_origin_fdi_stock_or_flow",,"million EUR","not calculated","0","false","普通 FDI 流量不等于中国来源 FDI；0 项项目金额记录因币种、状态与概念不同，仅保留在项目库，不合并。",,,"1"
"斯洛伐克","slovakia","industrial","2025","Eurostat","https://ec.europa.eu/eurostat/api/dissemination/statistics/1.0/data/nama_10_a10?lang=en&freq=A&unit=PC_GDP&na_item=B1G&nace_r2=C&geo=SK&sinceTimePeriod=2025&untilTimePeriod=2025","A","[""v4:slovakia:manufacturing_share_gdp:2025""]","[]","manufacturing_share_gdp","16.2","%","无","100","true","一般产业结构变量不单独证明对华暴露，必须与可核验涉华产业项目共同解释。",,"41.3","0.2"
"斯洛伐克","slovakia","industrial","2024","Eurostat","https://ec.europa.eu/eurostat/api/dissemination/statistics/1.0/data/ext_tec09?lang=en&freq=A&unit=THS_EUR&stk_flow=EXP&partner=WORLD&nace_r2=C29&geo=SK&sinceTimePeriod=2024&untilTimePeriod=2024","A","[""v4:slovakia:automotive_export_share:2024""]","[]","automotive_export_share","40.357","%","NACE_C29_exports / total_NACE_exports * 100","100","true","一般产业结构变量不单独证明对华暴露，必须与可核验涉华产业项目共同解释。","{""numerator"":36376344.94,""denominator"":90135995.62,""numerator_source_url"":""https://ec.europa.eu/eurostat/api/dissemination/statistics/1.0/data/ext_tec09?lang=en&freq=A&unit=THS_EUR&stk_flow=EXP&partner=WORLD&nace_r2=C29&geo=SK&sinceTimePeriod=2024&untilTimePeriod=2024"",""denominator_source_url"":""https://ec.europa.eu/eurostat/api/dissemination/statistics/1.0/data/ext_tec09?lang=en&freq=A&unit=THS_EUR&stk_flow=EXP&partner=WORLD&nace_r2=TOTAL&geo=SK&sinceTimePeriod=2024&untilTimePeriod=2024"",""formula"":""NACE_C29_exports / total_NACE_exports * 100""}","88.4","0.25"
"斯洛伐克","slovakia","industrial","2024","UN Comtrade","https://comtradeapi.un.org/public/v1/preview/C/A/HS?period=2024&reporterCode=703&cmdCode=TOTAL&flowCode=X&partnerCode=276&partner2Code=0&customsCode=C00&motCode=0&maxRecords=500","A","[""transmission:slovakia:germany_export_dependence:2024""]","[]","germany_export_dependence","21.398","% exports","exports_to_Germany / exports_to_world * 100","100","true","一般产业结构变量不单独证明对华暴露，必须与可核验涉华产业项目共同解释。","{""numerator"":24730967027.721,""denominator"":115575455095.801,""numerator_source_url"":""https://comtradeapi.un.org/public/v1/preview/C/A/HS?period=2024&reporterCode=703&cmdCode=TOTAL&flowCode=X&partnerCode=276&partner2Code=0&customsCode=C00&motCode=0&maxRecords=500"",""denominator_source_url"":""https://comtradeapi.un.org/public/v1/preview/C/A/HS?period=2024&reporterCode=703&cmdCode=TOTAL&flowCode=X&partnerCode=0&partner2Code=0&customsCode=C00&motCode=0&maxRecords=500"",""formula"":""exports_to_Germany / exports_to_world * 100""}","38","0.15"
"斯洛伐克","slovakia","industrial","2024","Eurostat nrg_pc_205","https://ec.europa.eu/eurostat/api/dissemination/statistics/1.0/data/nrg_pc_205?lang=en&freq=S&currency=EUR&nrg_cons=MWH500-1999&unit=KWH&tax=I_TAX&geo=SK&sinceTimePeriod=2024-S1&untilTimePeriod=2024-S1","A","[""transmission:slovakia:industrial_electricity_price:2024""]","[]","industrial_electricity_price","0.23665","欧元/kWh","(semester_1 + semester_2) / 2","100","true","一般产业结构变量不单独证明对华暴露，必须与可核验涉华产业项目共同解释。","{""numerator"":0.226,""denominator"":0.2473,""numerator_source_url"":""https://ec.europa.eu/eurostat/api/dissemination/statistics/1.0/data/nrg_pc_205?lang=en&freq=S&currency=EUR&nrg_cons=MWH500-1999&unit=KWH&tax=I_TAX&geo=SK&sinceTimePeriod=2024-S1&untilTimePeriod=2024-S1"",""denominator_source_url"":""https://ec.europa.eu/eurostat/api/dissemination/statistics/1.0/data/nrg_pc_205?lang=en&freq=S&currency=EUR&nrg_cons=MWH500-1999&unit=KWH&tax=I_TAX&geo=SK&sinceTimePeriod=2024-S2&untilTimePeriod=2024-S2"",""formula"":""(semester_1 + semester_2) / 2""}","45.5","0.1"
"斯洛伐克","slovakia","industrial","2024","Transparent Models / Industrial Dependency",,"A","[""v4:slovakia:manufacturing_share_gdp:2024"",""v4:slovakia:automotive_export_share:2024"",""transmission:slovakia:germany_export_dependence:2024"",""transmission:slovakia:industrial_electricity_price:2024""]","[]","industrial_dependency_score","55.2","0-100 comparative score","reuse published v0.70 transparent output without changing its formula","100","true","该输入描述一般产业结构，只在存在可核验涉华产业项目时用于对华产业维度。",,"55.2","0.15"
"斯洛伐克","slovakia","industrial",,"待接入",,"D","[]","[]","china_linked_industrial_project_presence",,"binary verified presence","1 only when an A/B-source industrial project exists; missing coverage remains null","0","false","存在变量不表示投资规模、产能或供应链控制程度。",,,"0.15"
"德国","germany","project",,"待接入",,"D","[]","[]","eligible_project_count",,"projects","count verified, quantifiable A/B-source projects","0","false","该国项目记录尚未系统接入；空值不表示不存在项目。",,,"0.45"
"德国","germany","project",,"待接入",,"D","[]","[]","active_project_share",,"% eligible projects","active eligible projects / eligible projects * 100","0","false","项目状态来自核验记录，不能替代官方投资存量。",,,"0.3"
"德国","germany","project",,"待接入",,"D","[]","[]","project_sector_concentration",,"% eligible projects","largest eligible project sector count / eligible projects * 100","0","false","小样本集中度容易受单个项目影响，只作为项目维度内部描述。",,,"0.25"
"德国","germany","trade","2024","UN Comtrade","https://comtradeapi.un.org/public/v1/preview/C/A/HS?period=2024&reporterCode=276&cmdCode=TOTAL&flowCode=X&partnerCode=156&partner2Code=0&customsCode=C00&motCode=0&maxRecords=500","A","[]","[]","china_export_share","5.802","% goods trade","exports_to_China / exports_to_world * 100","100","true","只覆盖货物贸易，不覆盖服务贸易；2024 年横截面不说明长期依赖趋势。","{""numerator"":94621854899.106,""denominator"":1630712507952.936,""numerator_source_url"":""https://comtradeapi.un.org/public/v1/preview/C/A/HS?period=2024&reporterCode=276&cmdCode=TOTAL&flowCode=X&partnerCode=156&partner2Code=0&customsCode=C00&motCode=0&maxRecords=500"",""denominator_source_url"":""https://comtradeapi.un.org/public/v1/preview/C/A/HS?period=2024&reporterCode=276&cmdCode=TOTAL&flowCode=X&partnerCode=0&partner2Code=0&customsCode=C00&motCode=0&maxRecords=500"",""formula"":""exports_to_China / exports_to_world * 100""}","58","0.35"
"德国","germany","trade","2024","UN Comtrade","https://comtradeapi.un.org/public/v1/preview/C/A/HS?period=2024&reporterCode=276&cmdCode=TOTAL&flowCode=M&partnerCode=156&partner2Code=0&customsCode=C00&motCode=0&maxRecords=500","A","[]","[]","china_import_share","12.312","% goods trade","imports_from_China / imports_from_world * 100","100","true","只覆盖货物贸易，不覆盖服务贸易；2024 年横截面不说明长期依赖趋势。","{""numerator"":169531634225.435,""denominator"":1376916344521.952,""numerator_source_url"":""https://comtradeapi.un.org/public/v1/preview/C/A/HS?period=2024&reporterCode=276&cmdCode=TOTAL&flowCode=M&partnerCode=156&partner2Code=0&customsCode=C00&motCode=0&maxRecords=500"",""denominator_source_url"":""https://comtradeapi.un.org/public/v1/preview/C/A/HS?period=2024&reporterCode=276&cmdCode=TOTAL&flowCode=M&partnerCode=0&partner2Code=0&customsCode=C00&motCode=0&maxRecords=500"",""formula"":""imports_from_China / imports_from_world * 100""}","61.6","0.35"
"德国","germany","trade","2024","UN Comtrade","https://comtradeapi.un.org/public/v1/preview/C/A/HS?period=2024&reporterCode=276&cmdCode=TOTAL&flowCode=X&partnerCode=156&partner2Code=0&customsCode=C00&motCode=0&maxRecords=500","A","[]","[]","china_trade_share","8.783","% goods trade","(exports_to_China + imports_from_China) / (exports_to_world + imports_from_world) * 100","100","true","只覆盖货物贸易，不覆盖服务贸易；2024 年横截面不说明长期依赖趋势。","{""numerator"":264153489124.54102,""denominator"":3007628852474.8877,""numerator_source_url"":""https://comtradeapi.un.org/public/v1/preview/C/A/HS?period=2024&reporterCode=276&cmdCode=TOTAL&flowCode=X&partnerCode=156&partner2Code=0&customsCode=C00&motCode=0&maxRecords=500"",""denominator_source_url"":""https://comtradeapi.un.org/public/v1/preview/C/A/HS?period=2024&reporterCode=276&cmdCode=TOTAL&flowCode=X&partnerCode=0&partner2Code=0&customsCode=C00&motCode=0&maxRecords=500"",""formula"":""(exports_to_China + imports_from_China) / (exports_to_world + imports_from_world) * 100""}","58.6","0.3"
"德国","germany","investment",,"待接入统一 China-origin FDI source",,"D","[]","[]","china_origin_fdi_stock_or_flow",,"million EUR","not calculated","0","false","普通 FDI 流量不等于中国来源 FDI；0 项项目金额记录因币种、状态与概念不同，仅保留在项目库，不合并。",,,"1"
"德国","germany","industrial","2025","Eurostat","https://ec.europa.eu/eurostat/api/dissemination/statistics/1.0/data/nama_10_a10?lang=en&freq=A&unit=PC_GDP&na_item=B1G&nace_r2=C&geo=DE&sinceTimePeriod=2025&untilTimePeriod=2025","A","[""parity:germany:manufacturing_share_gdp:2025""]","[]","manufacturing_share_gdp","17.7","%","无","100","true","一般产业结构变量不单独证明对华暴露，必须与可核验涉华产业项目共同解释。",,"51.3","0.2"
"德国","germany","industrial","2024","Eurostat","https://ec.europa.eu/eurostat/api/dissemination/statistics/1.0/data/ext_tec09?lang=en&freq=A&unit=THS_EUR&stk_flow=EXP&partner=WORLD&nace_r2=C29&geo=DE&sinceTimePeriod=2024&untilTimePeriod=2024","A","[""parity:germany:automotive_export_share:2024""]","[]","automotive_export_share","19.562","%","NACE_C29_exports / total_NACE_exports * 100","100","true","一般产业结构变量不单独证明对华暴露，必须与可核验涉华产业项目共同解释。","{""numerator"":263605846.69,""denominator"":1347513654.12,""numerator_source_url"":""https://ec.europa.eu/eurostat/api/dissemination/statistics/1.0/data/ext_tec09?lang=en&freq=A&unit=THS_EUR&stk_flow=EXP&partner=WORLD&nace_r2=C29&geo=DE&sinceTimePeriod=2024&untilTimePeriod=2024"",""denominator_source_url"":""https://ec.europa.eu/eurostat/api/dissemination/statistics/1.0/data/ext_tec09?lang=en&freq=A&unit=THS_EUR&stk_flow=EXP&partner=WORLD&nace_r2=TOTAL&geo=DE&sinceTimePeriod=2024&untilTimePeriod=2024"",""formula"":""NACE_C29_exports / total_NACE_exports * 100""}","36.4","0.25"
"德国","germany","industrial",,"待接入",,"D","[]","[]","germany_export_dependence",,"pending","official observation","0","false","一般产业结构变量不单独证明对华暴露，必须与可核验涉华产业项目共同解释。",,,"0.15"
"德国","germany","industrial","2024","Eurostat nrg_pc_205","https://ec.europa.eu/eurostat/api/dissemination/statistics/1.0/data/nrg_pc_205?lang=en&freq=S&currency=EUR&nrg_cons=MWH500-1999&unit=KWH&tax=I_TAX&geo=DE&sinceTimePeriod=2024-S1&untilTimePeriod=2024-S1","A","[""transmission:germany:industrial_electricity_price:2024""]","[]","industrial_electricity_price","0.2816","欧元/kWh","(semester_1 + semester_2) / 2","100","true","一般产业结构变量不单独证明对华暴露，必须与可核验涉华产业项目共同解释。","{""numerator"":0.2798,""denominator"":0.2834,""numerator_source_url"":""https://ec.europa.eu/eurostat/api/dissemination/statistics/1.0/data/nrg_pc_205?lang=en&freq=S&currency=EUR&nrg_cons=MWH500-1999&unit=KWH&tax=I_TAX&geo=DE&sinceTimePeriod=2024-S1&untilTimePeriod=2024-S1"",""denominator_source_url"":""https://ec.europa.eu/eurostat/api/dissemination/statistics/1.0/data/nrg_pc_205?lang=en&freq=S&currency=EUR&nrg_cons=MWH500-1999&unit=KWH&tax=I_TAX&geo=DE&sinceTimePeriod=2024-S2&untilTimePeriod=2024-S2"",""formula"":""(semester_1 + semester_2) / 2""}","60.5","0.1"
"德国","germany","industrial","2025","Transparent Models / Industrial Dependency",,"A","[""parity:germany:manufacturing_share_gdp:2025""]","[]","industrial_dependency_score",,"0-100 comparative score","reuse published v0.70 transparent output without changing its formula","25","false","该输入描述一般产业结构，只在存在可核验涉华产业项目时用于对华产业维度。",,,"0.15"
"德国","germany","industrial",,"待接入",,"D","[]","[]","china_linked_industrial_project_presence",,"binary verified presence","1 only when an A/B-source industrial project exists; missing coverage remains null","0","false","存在变量不表示投资规模、产能或供应链控制程度。",,,"0.15"
"罗马尼亚","romania","project",,"待接入",,"D","[]","[]","eligible_project_count",,"projects","count verified, quantifiable A/B-source projects","0","false","该国项目记录尚未系统接入；空值不表示不存在项目。",,,"0.45"
"罗马尼亚","romania","project",,"待接入",,"D","[]","[]","active_project_share",,"% eligible projects","active eligible projects / eligible projects * 100","0","false","项目状态来自核验记录，不能替代官方投资存量。",,,"0.3"
"罗马尼亚","romania","project",,"待接入",,"D","[]","[]","project_sector_concentration",,"% eligible projects","largest eligible project sector count / eligible projects * 100","0","false","小样本集中度容易受单个项目影响，只作为项目维度内部描述。",,,"0.25"
"罗马尼亚","romania","trade","2024","UN Comtrade","https://comtradeapi.un.org/public/v1/preview/C/A/HS?period=2024&reporterCode=642&cmdCode=TOTAL&flowCode=X&partnerCode=156&partner2Code=0&customsCode=C00&motCode=0&maxRecords=500","A","[]","[]","china_export_share","0.777","% goods trade","exports_to_China / exports_to_world * 100","100","true","只覆盖货物贸易，不覆盖服务贸易；2024 年横截面不说明长期依赖趋势。","{""numerator"":779681882.29,""denominator"":100370881686.1,""numerator_source_url"":""https://comtradeapi.un.org/public/v1/preview/C/A/HS?period=2024&reporterCode=642&cmdCode=TOTAL&flowCode=X&partnerCode=156&partner2Code=0&customsCode=C00&motCode=0&maxRecords=500"",""denominator_source_url"":""https://comtradeapi.un.org/public/v1/preview/C/A/HS?period=2024&reporterCode=642&cmdCode=TOTAL&flowCode=X&partnerCode=0&partner2Code=0&customsCode=C00&motCode=0&maxRecords=500"",""formula"":""exports_to_China / exports_to_world * 100""}","7.8","0.35"
"罗马尼亚","romania","trade","2024","UN Comtrade","https://comtradeapi.un.org/public/v1/preview/C/A/HS?period=2024&reporterCode=642&cmdCode=TOTAL&flowCode=M&partnerCode=156&partner2Code=0&customsCode=C00&motCode=0&maxRecords=500","A","[]","[]","china_import_share","6.233","% goods trade","imports_from_China / imports_from_world * 100","100","true","只覆盖货物贸易，不覆盖服务贸易；2024 年横截面不说明长期依赖趋势。","{""numerator"":8508648019.15,""denominator"":136519363524.29,""numerator_source_url"":""https://comtradeapi.un.org/public/v1/preview/C/A/HS?period=2024&reporterCode=642&cmdCode=TOTAL&flowCode=M&partnerCode=156&partner2Code=0&customsCode=C00&motCode=0&maxRecords=500"",""denominator_source_url"":""https://comtradeapi.un.org/public/v1/preview/C/A/HS?period=2024&reporterCode=642&cmdCode=TOTAL&flowCode=M&partnerCode=0&partner2Code=0&customsCode=C00&motCode=0&maxRecords=500"",""formula"":""imports_from_China / imports_from_world * 100""}","31.2","0.35"
"罗马尼亚","romania","trade","2024","UN Comtrade","https://comtradeapi.un.org/public/v1/preview/C/A/HS?period=2024&reporterCode=642&cmdCode=TOTAL&flowCode=X&partnerCode=156&partner2Code=0&customsCode=C00&motCode=0&maxRecords=500","A","[]","[]","china_trade_share","3.921","% goods trade","(exports_to_China + imports_from_China) / (exports_to_world + imports_from_world) * 100","100","true","只覆盖货物贸易，不覆盖服务贸易；2024 年横截面不说明长期依赖趋势。","{""numerator"":9288329901.439999,""denominator"":236890245210.39,""numerator_source_url"":""https://comtradeapi.un.org/public/v1/preview/C/A/HS?period=2024&reporterCode=642&cmdCode=TOTAL&flowCode=X&partnerCode=156&partner2Code=0&customsCode=C00&motCode=0&maxRecords=500"",""denominator_source_url"":""https://comtradeapi.un.org/public/v1/preview/C/A/HS?period=2024&reporterCode=642&cmdCode=TOTAL&flowCode=X&partnerCode=0&partner2Code=0&customsCode=C00&motCode=0&maxRecords=500"",""formula"":""(exports_to_China + imports_from_China) / (exports_to_world + imports_from_world) * 100""}","26.1","0.3"
"罗马尼亚","romania","investment",,"待接入统一 China-origin FDI source",,"D","[]","[]","china_origin_fdi_stock_or_flow",,"million EUR","not calculated","0","false","普通 FDI 流量不等于中国来源 FDI；0 项项目金额记录因币种、状态与概念不同，仅保留在项目库，不合并。",,,"1"
"罗马尼亚","romania","industrial","2025","Eurostat","https://ec.europa.eu/eurostat/api/dissemination/statistics/1.0/data/nama_10_a10?lang=en&freq=A&unit=PC_GDP&na_item=B1G&nace_r2=C&geo=RO&sinceTimePeriod=2025&untilTimePeriod=2025","A","[""parity:romania:manufacturing_share_gdp:2025""]","[]","manufacturing_share_gdp","11.8","%","无","100","true","一般产业结构变量不单独证明对华暴露，必须与可核验涉华产业项目共同解释。",,"12","0.2"
"罗马尼亚","romania","industrial","2024","Eurostat","https://ec.europa.eu/eurostat/api/dissemination/statistics/1.0/data/ext_tec09?lang=en&freq=A&unit=THS_EUR&stk_flow=EXP&partner=WORLD&nace_r2=C29&geo=RO&sinceTimePeriod=2024&untilTimePeriod=2024","A","[""parity:romania:automotive_export_share:2024""]","[]","automotive_export_share","19.949","%","NACE_C29_exports / total_NACE_exports * 100","100","true","一般产业结构变量不单独证明对华暴露，必须与可核验涉华产业项目共同解释。","{""numerator"":18236588.75,""denominator"":91417992.89,""numerator_source_url"":""https://ec.europa.eu/eurostat/api/dissemination/statistics/1.0/data/ext_tec09?lang=en&freq=A&unit=THS_EUR&stk_flow=EXP&partner=WORLD&nace_r2=C29&geo=RO&sinceTimePeriod=2024&untilTimePeriod=2024"",""denominator_source_url"":""https://ec.europa.eu/eurostat/api/dissemination/statistics/1.0/data/ext_tec09?lang=en&freq=A&unit=THS_EUR&stk_flow=EXP&partner=WORLD&nace_r2=TOTAL&geo=RO&sinceTimePeriod=2024&untilTimePeriod=2024"",""formula"":""NACE_C29_exports / total_NACE_exports * 100""}","37.4","0.25"
"罗马尼亚","romania","industrial","2024","UN Comtrade","https://comtradeapi.un.org/public/v1/preview/C/A/HS?period=2024&reporterCode=642&cmdCode=TOTAL&flowCode=X&partnerCode=276&partner2Code=0&customsCode=C00&motCode=0&maxRecords=500","A","[""transmission:romania:germany_export_dependence:2024""]","[]","germany_export_dependence","20.542","% exports","exports_to_Germany / exports_to_world * 100","100","true","一般产业结构变量不单独证明对华暴露，必须与可核验涉华产业项目共同解释。","{""numerator"":20618519652.72,""denominator"":100370881686.1,""numerator_source_url"":""https://comtradeapi.un.org/public/v1/preview/C/A/HS?period=2024&reporterCode=642&cmdCode=TOTAL&flowCode=X&partnerCode=276&partner2Code=0&customsCode=C00&motCode=0&maxRecords=500"",""denominator_source_url"":""https://comtradeapi.un.org/public/v1/preview/C/A/HS?period=2024&reporterCode=642&cmdCode=TOTAL&flowCode=X&partnerCode=0&partner2Code=0&customsCode=C00&motCode=0&maxRecords=500"",""formula"":""exports_to_Germany / exports_to_world * 100""}","35.1","0.15"
"罗马尼亚","romania","industrial","2024","Eurostat nrg_pc_205","https://ec.europa.eu/eurostat/api/dissemination/statistics/1.0/data/nrg_pc_205?lang=en&freq=S&currency=EUR&nrg_cons=MWH500-1999&unit=KWH&tax=I_TAX&geo=RO&sinceTimePeriod=2024-S1&untilTimePeriod=2024-S1","A","[""transmission:romania:industrial_electricity_price:2024""]","[]","industrial_electricity_price","0.19445","欧元/kWh","(semester_1 + semester_2) / 2","100","true","一般产业结构变量不单独证明对华暴露，必须与可核验涉华产业项目共同解释。","{""numerator"":0.1903,""denominator"":0.1986,""numerator_source_url"":""https://ec.europa.eu/eurostat/api/dissemination/statistics/1.0/data/nrg_pc_205?lang=en&freq=S&currency=EUR&nrg_cons=MWH500-1999&unit=KWH&tax=I_TAX&geo=RO&sinceTimePeriod=2024-S1&untilTimePeriod=2024-S1"",""denominator_source_url"":""https://ec.europa.eu/eurostat/api/dissemination/statistics/1.0/data/nrg_pc_205?lang=en&freq=S&currency=EUR&nrg_cons=MWH500-1999&unit=KWH&tax=I_TAX&geo=RO&sinceTimePeriod=2024-S2&untilTimePeriod=2024-S2"",""formula"":""(semester_1 + semester_2) / 2""}","31.5","0.1"
"罗马尼亚","romania","industrial","2024","Transparent Models / Industrial Dependency",,"A","[""parity:romania:manufacturing_share_gdp:2024"",""parity:romania:automotive_export_share:2024"",""transmission:romania:germany_export_dependence:2024"",""transmission:romania:industrial_electricity_price:2024""]","[]","industrial_dependency_score","31.7","0-100 comparative score","reuse published v0.70 transparent output without changing its formula","100","true","该输入描述一般产业结构，只在存在可核验涉华产业项目时用于对华产业维度。",,"31.7","0.15"
"罗马尼亚","romania","industrial",,"待接入",,"D","[]","[]","china_linked_industrial_project_presence",,"binary verified presence","1 only when an A/B-source industrial project exists; missing coverage remains null","0","false","存在变量不表示投资规模、产能或供应链控制程度。",,,"0.15"
"斯洛文尼亚","slovenia","project",,"待接入",,"D","[]","[]","eligible_project_count",,"projects","count verified, quantifiable A/B-source projects","0","false","该国项目记录尚未系统接入；空值不表示不存在项目。",,,"0.45"
"斯洛文尼亚","slovenia","project",,"待接入",,"D","[]","[]","active_project_share",,"% eligible projects","active eligible projects / eligible projects * 100","0","false","项目状态来自核验记录，不能替代官方投资存量。",,,"0.3"
"斯洛文尼亚","slovenia","project",,"待接入",,"D","[]","[]","project_sector_concentration",,"% eligible projects","largest eligible project sector count / eligible projects * 100","0","false","小样本集中度容易受单个项目影响，只作为项目维度内部描述。",,,"0.25"
"斯洛文尼亚","slovenia","trade","2024","UN Comtrade","https://comtradeapi.un.org/public/v1/preview/C/A/HS?period=2024&reporterCode=705&cmdCode=TOTAL&flowCode=X&partnerCode=156&partner2Code=0&customsCode=C00&motCode=0&maxRecords=500","A","[]","[]","china_export_share","0.443","% goods trade","exports_to_China / exports_to_world * 100","100","true","只覆盖货物贸易，不覆盖服务贸易；2024 年横截面不说明长期依赖趋势。","{""numerator"":295319909.365,""denominator"":66635685553.501,""numerator_source_url"":""https://comtradeapi.un.org/public/v1/preview/C/A/HS?period=2024&reporterCode=705&cmdCode=TOTAL&flowCode=X&partnerCode=156&partner2Code=0&customsCode=C00&motCode=0&maxRecords=500"",""denominator_source_url"":""https://comtradeapi.un.org/public/v1/preview/C/A/HS?period=2024&reporterCode=705&cmdCode=TOTAL&flowCode=X&partnerCode=0&partner2Code=0&customsCode=C00&motCode=0&maxRecords=500"",""formula"":""exports_to_China / exports_to_world * 100""}","4.4","0.35"
"斯洛文尼亚","slovenia","trade","2024","UN Comtrade","https://comtradeapi.un.org/public/v1/preview/C/A/HS?period=2024&reporterCode=705&cmdCode=TOTAL&flowCode=M&partnerCode=156&partner2Code=0&customsCode=C00&motCode=0&maxRecords=500","A","[]","[]","china_import_share","12.214","% goods trade","imports_from_China / imports_from_world * 100","100","true","只覆盖货物贸易，不覆盖服务贸易；2024 年横截面不说明长期依赖趋势。","{""numerator"":9169187028.26,""denominator"":75069201938.715,""numerator_source_url"":""https://comtradeapi.un.org/public/v1/preview/C/A/HS?period=2024&reporterCode=705&cmdCode=TOTAL&flowCode=M&partnerCode=156&partner2Code=0&customsCode=C00&motCode=0&maxRecords=500"",""denominator_source_url"":""https://comtradeapi.un.org/public/v1/preview/C/A/HS?period=2024&reporterCode=705&cmdCode=TOTAL&flowCode=M&partnerCode=0&partner2Code=0&customsCode=C00&motCode=0&maxRecords=500"",""formula"":""imports_from_China / imports_from_world * 100""}","61.1","0.35"
"斯洛文尼亚","slovenia","trade","2024","UN Comtrade","https://comtradeapi.un.org/public/v1/preview/C/A/HS?period=2024&reporterCode=705&cmdCode=TOTAL&flowCode=X&partnerCode=156&partner2Code=0&customsCode=C00&motCode=0&maxRecords=500","A","[]","[]","china_trade_share","6.679","% goods trade","(exports_to_China + imports_from_China) / (exports_to_world + imports_from_world) * 100","100","true","只覆盖货物贸易，不覆盖服务贸易；2024 年横截面不说明长期依赖趋势。","{""numerator"":9464506937.625,""denominator"":141704887492.216,""numerator_source_url"":""https://comtradeapi.un.org/public/v1/preview/C/A/HS?period=2024&reporterCode=705&cmdCode=TOTAL&flowCode=X&partnerCode=156&partner2Code=0&customsCode=C00&motCode=0&maxRecords=500"",""denominator_source_url"":""https://comtradeapi.un.org/public/v1/preview/C/A/HS?period=2024&reporterCode=705&cmdCode=TOTAL&flowCode=X&partnerCode=0&partner2Code=0&customsCode=C00&motCode=0&maxRecords=500"",""formula"":""(exports_to_China + imports_from_China) / (exports_to_world + imports_from_world) * 100""}","44.5","0.3"
"斯洛文尼亚","slovenia","investment",,"待接入统一 China-origin FDI source",,"D","[]","[]","china_origin_fdi_stock_or_flow",,"million EUR","not calculated","0","false","普通 FDI 流量不等于中国来源 FDI；0 项项目金额记录因币种、状态与概念不同，仅保留在项目库，不合并。",,,"1"
"斯洛文尼亚","slovenia","industrial","2025","Eurostat","https://ec.europa.eu/eurostat/api/dissemination/statistics/1.0/data/nama_10_a10?lang=en&freq=A&unit=PC_GDP&na_item=B1G&nace_r2=C&geo=SI&sinceTimePeriod=2025&untilTimePeriod=2025","A","[""parity:slovenia:manufacturing_share_gdp:2025""]","[]","manufacturing_share_gdp","18.6","%","无","100","true","一般产业结构变量不单独证明对华暴露，必须与可核验涉华产业项目共同解释。",,"57.3","0.2"
"斯洛文尼亚","slovenia","industrial","2024","Eurostat","https://ec.europa.eu/eurostat/api/dissemination/statistics/1.0/data/ext_tec09?lang=en&freq=A&unit=THS_EUR&stk_flow=EXP&partner=WORLD&nace_r2=C29&geo=SI&sinceTimePeriod=2024&untilTimePeriod=2024","A","[""parity:slovenia:automotive_export_share:2024""]","[]","automotive_export_share","5.96","%","NACE_C29_exports / total_NACE_exports * 100","100","true","一般产业结构变量不单独证明对华暴露，必须与可核验涉华产业项目共同解释。","{""numerator"":3377295.84,""denominator"":56666939.65,""numerator_source_url"":""https://ec.europa.eu/eurostat/api/dissemination/statistics/1.0/data/ext_tec09?lang=en&freq=A&unit=THS_EUR&stk_flow=EXP&partner=WORLD&nace_r2=C29&geo=SI&sinceTimePeriod=2024&untilTimePeriod=2024"",""denominator_source_url"":""https://ec.europa.eu/eurostat/api/dissemination/statistics/1.0/data/ext_tec09?lang=en&freq=A&unit=THS_EUR&stk_flow=EXP&partner=WORLD&nace_r2=TOTAL&geo=SI&sinceTimePeriod=2024&untilTimePeriod=2024"",""formula"":""NACE_C29_exports / total_NACE_exports * 100""}","2.4","0.25"
"斯洛文尼亚","slovenia","industrial","2024","UN Comtrade","https://comtradeapi.un.org/public/v1/preview/C/A/HS?period=2024&reporterCode=705&cmdCode=TOTAL&flowCode=X&partnerCode=276&partner2Code=0&customsCode=C00&motCode=0&maxRecords=500","A","[""transmission:slovenia:germany_export_dependence:2024""]","[]","germany_export_dependence","11.876","% exports","exports_to_Germany / exports_to_world * 100","100","true","一般产业结构变量不单独证明对华暴露，必须与可核验涉华产业项目共同解释。","{""numerator"":7913780810.116,""denominator"":66635685553.501,""numerator_source_url"":""https://comtradeapi.un.org/public/v1/preview/C/A/HS?period=2024&reporterCode=705&cmdCode=TOTAL&flowCode=X&partnerCode=276&partner2Code=0&customsCode=C00&motCode=0&maxRecords=500"",""denominator_source_url"":""https://comtradeapi.un.org/public/v1/preview/C/A/HS?period=2024&reporterCode=705&cmdCode=TOTAL&flowCode=X&partnerCode=0&partner2Code=0&customsCode=C00&motCode=0&maxRecords=500"",""formula"":""exports_to_Germany / exports_to_world * 100""}","6.3","0.15"
"斯洛文尼亚","slovenia","industrial","2024","Eurostat nrg_pc_205","https://ec.europa.eu/eurostat/api/dissemination/statistics/1.0/data/nrg_pc_205?lang=en&freq=S&currency=EUR&nrg_cons=MWH500-1999&unit=KWH&tax=I_TAX&geo=SI&sinceTimePeriod=2024-S1&untilTimePeriod=2024-S1","A","[""transmission:slovenia:industrial_electricity_price:2024""]","[]","industrial_electricity_price","0.2152","欧元/kWh","(semester_1 + semester_2) / 2","100","true","一般产业结构变量不单独证明对华暴露，必须与可核验涉华产业项目共同解释。","{""numerator"":0.2105,""denominator"":0.2199,""numerator_source_url"":""https://ec.europa.eu/eurostat/api/dissemination/statistics/1.0/data/nrg_pc_205?lang=en&freq=S&currency=EUR&nrg_cons=MWH500-1999&unit=KWH&tax=I_TAX&geo=SI&sinceTimePeriod=2024-S1&untilTimePeriod=2024-S1"",""denominator_source_url"":""https://ec.europa.eu/eurostat/api/dissemination/statistics/1.0/data/nrg_pc_205?lang=en&freq=S&currency=EUR&nrg_cons=MWH500-1999&unit=KWH&tax=I_TAX&geo=SI&sinceTimePeriod=2024-S2&untilTimePeriod=2024-S2"",""formula"":""(semester_1 + semester_2) / 2""}","38.4","0.1"
"斯洛文尼亚","slovenia","industrial","2024","Transparent Models / Industrial Dependency",,"A","[""parity:slovenia:manufacturing_share_gdp:2024"",""parity:slovenia:automotive_export_share:2024"",""transmission:slovenia:germany_export_dependence:2024"",""transmission:slovenia:industrial_electricity_price:2024""]","[]","industrial_dependency_score","24.1","0-100 comparative score","reuse published v0.70 transparent output without changing its formula","100","true","该输入描述一般产业结构，只在存在可核验涉华产业项目时用于对华产业维度。",,"24.1","0.15"
"斯洛文尼亚","slovenia","industrial",,"待接入",,"D","[]","[]","china_linked_industrial_project_presence",,"binary verified presence","1 only when an A/B-source industrial project exists; missing coverage remains null","0","false","存在变量不表示投资规模、产能或供应链控制程度。",,,"0.15"
"塞尔维亚","serbia","project",,"待接入",,"D","[]","[]","eligible_project_count",,"projects","count verified, quantifiable A/B-source projects","0","false","该国项目记录尚未系统接入；空值不表示不存在项目。",,,"0.45"
"塞尔维亚","serbia","project",,"待接入",,"D","[]","[]","active_project_share",,"% eligible projects","active eligible projects / eligible projects * 100","0","false","项目状态来自核验记录，不能替代官方投资存量。",,,"0.3"
"塞尔维亚","serbia","project",,"待接入",,"D","[]","[]","project_sector_concentration",,"% eligible projects","largest eligible project sector count / eligible projects * 100","0","false","小样本集中度容易受单个项目影响，只作为项目维度内部描述。",,,"0.25"
"塞尔维亚","serbia","trade","2024","UN Comtrade","https://comtradeapi.un.org/public/v1/preview/C/A/HS?period=2024&reporterCode=688&cmdCode=TOTAL&flowCode=X&partnerCode=156&partner2Code=0&customsCode=C00&motCode=0&maxRecords=500","A","[]","[]","china_export_share","5.888","% goods trade","exports_to_China / exports_to_world * 100","100","true","只覆盖货物贸易，不覆盖服务贸易；2024 年横截面不说明长期依赖趋势。","{""numerator"":1945317499,""denominator"":33038147712,""numerator_source_url"":""https://comtradeapi.un.org/public/v1/preview/C/A/HS?period=2024&reporterCode=688&cmdCode=TOTAL&flowCode=X&partnerCode=156&partner2Code=0&customsCode=C00&motCode=0&maxRecords=500"",""denominator_source_url"":""https://comtradeapi.un.org/public/v1/preview/C/A/HS?period=2024&reporterCode=688&cmdCode=TOTAL&flowCode=X&partnerCode=0&partner2Code=0&customsCode=C00&motCode=0&maxRecords=500"",""formula"":""exports_to_China / exports_to_world * 100""}","58.9","0.35"
"塞尔维亚","serbia","trade","2024","UN Comtrade","https://comtradeapi.un.org/public/v1/preview/C/A/HS?period=2024&reporterCode=688&cmdCode=TOTAL&flowCode=M&partnerCode=156&partner2Code=0&customsCode=C00&motCode=0&maxRecords=500","A","[]","[]","china_import_share","13.144","% goods trade","imports_from_China / imports_from_world * 100","100","true","只覆盖货物贸易，不覆盖服务贸易；2024 年横截面不说明长期依赖趋势。","{""numerator"":5552820794,""denominator"":42246657862,""numerator_source_url"":""https://comtradeapi.un.org/public/v1/preview/C/A/HS?period=2024&reporterCode=688&cmdCode=TOTAL&flowCode=M&partnerCode=156&partner2Code=0&customsCode=C00&motCode=0&maxRecords=500"",""denominator_source_url"":""https://comtradeapi.un.org/public/v1/preview/C/A/HS?period=2024&reporterCode=688&cmdCode=TOTAL&flowCode=M&partnerCode=0&partner2Code=0&customsCode=C00&motCode=0&maxRecords=500"",""formula"":""imports_from_China / imports_from_world * 100""}","65.7","0.35"
"塞尔维亚","serbia","trade","2024","UN Comtrade","https://comtradeapi.un.org/public/v1/preview/C/A/HS?period=2024&reporterCode=688&cmdCode=TOTAL&flowCode=X&partnerCode=156&partner2Code=0&customsCode=C00&motCode=0&maxRecords=500","A","[]","[]","china_trade_share","9.96","% goods trade","(exports_to_China + imports_from_China) / (exports_to_world + imports_from_world) * 100","100","true","只覆盖货物贸易，不覆盖服务贸易；2024 年横截面不说明长期依赖趋势。","{""numerator"":7498138293,""denominator"":75284805574,""numerator_source_url"":""https://comtradeapi.un.org/public/v1/preview/C/A/HS?period=2024&reporterCode=688&cmdCode=TOTAL&flowCode=X&partnerCode=156&partner2Code=0&customsCode=C00&motCode=0&maxRecords=500"",""denominator_source_url"":""https://comtradeapi.un.org/public/v1/preview/C/A/HS?period=2024&reporterCode=688&cmdCode=TOTAL&flowCode=X&partnerCode=0&partner2Code=0&customsCode=C00&motCode=0&maxRecords=500"",""formula"":""(exports_to_China + imports_from_China) / (exports_to_world + imports_from_world) * 100""}","66.4","0.3"
"塞尔维亚","serbia","investment",,"待接入统一 China-origin FDI source",,"D","[]","[]","china_origin_fdi_stock_or_flow",,"million EUR","not calculated","0","false","普通 FDI 流量不等于中国来源 FDI；0 项项目金额记录因币种、状态与概念不同，仅保留在项目库，不合并。",,,"1"
"塞尔维亚","serbia","industrial","2025","Eurostat","https://ec.europa.eu/eurostat/api/dissemination/statistics/1.0/data/nama_10_a10?lang=en&freq=A&unit=PC_GDP&na_item=B1G&nace_r2=C&geo=RS&sinceTimePeriod=2025&untilTimePeriod=2025","A","[""parity:serbia:manufacturing_share_gdp:2025""]","[]","manufacturing_share_gdp","12.5","%","无","100","true","一般产业结构变量不单独证明对华暴露，必须与可核验涉华产业项目共同解释。",,"16.7","0.2"
"塞尔维亚","serbia","industrial","2024","Eurostat","https://ec.europa.eu/eurostat/api/dissemination/statistics/1.0/data/ext_tec09?lang=en&freq=A&unit=THS_EUR&stk_flow=EXP&partner=WORLD&nace_r2=C29&geo=RS&sinceTimePeriod=2024&untilTimePeriod=2024","A","[""parity:serbia:automotive_export_share:2024""]","[]","automotive_export_share","16.901","%","NACE_C29_exports / total_NACE_exports * 100","100","true","一般产业结构变量不单独证明对华暴露，必须与可核验涉华产业项目共同解释。","{""numerator"":5606814.34,""denominator"":33174338.14,""numerator_source_url"":""https://ec.europa.eu/eurostat/api/dissemination/statistics/1.0/data/ext_tec09?lang=en&freq=A&unit=THS_EUR&stk_flow=EXP&partner=WORLD&nace_r2=C29&geo=RS&sinceTimePeriod=2024&untilTimePeriod=2024"",""denominator_source_url"":""https://ec.europa.eu/eurostat/api/dissemination/statistics/1.0/data/ext_tec09?lang=en&freq=A&unit=THS_EUR&stk_flow=EXP&partner=WORLD&nace_r2=TOTAL&geo=RS&sinceTimePeriod=2024&untilTimePeriod=2024"",""formula"":""NACE_C29_exports / total_NACE_exports * 100""}","29.8","0.25"
"塞尔维亚","serbia","industrial","2024","UN Comtrade","https://comtradeapi.un.org/public/v1/preview/C/A/HS?period=2024&reporterCode=688&cmdCode=TOTAL&flowCode=X&partnerCode=276&partner2Code=0&customsCode=C00&motCode=0&maxRecords=500","A","[""transmission:serbia:germany_export_dependence:2024""]","[]","germany_export_dependence","15.483","% exports","exports_to_Germany / exports_to_world * 100","100","true","一般产业结构变量不单独证明对华暴露，必须与可核验涉华产业项目共同解释。","{""numerator"":5115358135,""denominator"":33038147712,""numerator_source_url"":""https://comtradeapi.un.org/public/v1/preview/C/A/HS?period=2024&reporterCode=688&cmdCode=TOTAL&flowCode=X&partnerCode=276&partner2Code=0&customsCode=C00&motCode=0&maxRecords=500"",""denominator_source_url"":""https://comtradeapi.un.org/public/v1/preview/C/A/HS?period=2024&reporterCode=688&cmdCode=TOTAL&flowCode=X&partnerCode=0&partner2Code=0&customsCode=C00&motCode=0&maxRecords=500"",""formula"":""exports_to_Germany / exports_to_world * 100""}","18.3","0.15"
"塞尔维亚","serbia","industrial","2024","Eurostat nrg_pc_205","https://ec.europa.eu/eurostat/api/dissemination/statistics/1.0/data/nrg_pc_205?lang=en&freq=S&currency=EUR&nrg_cons=MWH500-1999&unit=KWH&tax=I_TAX&geo=RS&sinceTimePeriod=2024-S1&untilTimePeriod=2024-S1","A","[""transmission:serbia:industrial_electricity_price:2024""]","[]","industrial_electricity_price","0.1714","欧元/kWh","(semester_1 + semester_2) / 2","100","true","一般产业结构变量不单独证明对华暴露，必须与可核验涉华产业项目共同解释。","{""numerator"":0.1835,""denominator"":0.1593,""numerator_source_url"":""https://ec.europa.eu/eurostat/api/dissemination/statistics/1.0/data/nrg_pc_205?lang=en&freq=S&currency=EUR&nrg_cons=MWH500-1999&unit=KWH&tax=I_TAX&geo=RS&sinceTimePeriod=2024-S1&untilTimePeriod=2024-S1"",""denominator_source_url"":""https://ec.europa.eu/eurostat/api/dissemination/statistics/1.0/data/nrg_pc_205?lang=en&freq=S&currency=EUR&nrg_cons=MWH500-1999&unit=KWH&tax=I_TAX&geo=RS&sinceTimePeriod=2024-S2&untilTimePeriod=2024-S2"",""formula"":""(semester_1 + semester_2) / 2""}","23.8","0.1"
"塞尔维亚","serbia","industrial","2024","Transparent Models / Industrial Dependency",,"A","[""parity:serbia:manufacturing_share_gdp:2024"",""parity:serbia:automotive_export_share:2024"",""transmission:serbia:germany_export_dependence:2024"",""transmission:serbia:industrial_electricity_price:2024""]","[]","industrial_dependency_score","22.5","0-100 comparative score","reuse published v0.70 transparent output without changing its formula","100","true","该输入描述一般产业结构，只在存在可核验涉华产业项目时用于对华产业维度。",,"22.5","0.15"
"塞尔维亚","serbia","industrial",,"待接入",,"D","[]","[]","china_linked_industrial_project_presence",,"binary verified presence","1 only when an A/B-source industrial project exists; missing coverage remains null","0","false","存在变量不表示投资规模、产能或供应链控制程度。",,,"0.15"
"奥地利","austria","project",,"待接入",,"D","[]","[]","eligible_project_count",,"projects","count verified, quantifiable A/B-source projects","0","false","该国项目记录尚未系统接入；空值不表示不存在项目。",,,"0.45"
"奥地利","austria","project",,"待接入",,"D","[]","[]","active_project_share",,"% eligible projects","active eligible projects / eligible projects * 100","0","false","项目状态来自核验记录，不能替代官方投资存量。",,,"0.3"
"奥地利","austria","project",,"待接入",,"D","[]","[]","project_sector_concentration",,"% eligible projects","largest eligible project sector count / eligible projects * 100","0","false","小样本集中度容易受单个项目影响，只作为项目维度内部描述。",,,"0.25"
"奥地利","austria","trade","2024","UN Comtrade","https://comtradeapi.un.org/public/v1/preview/C/A/HS?period=2024&reporterCode=40&cmdCode=TOTAL&flowCode=X&partnerCode=156&partner2Code=0&customsCode=C00&motCode=0&maxRecords=500","A","[]","[]","china_export_share","2.784","% goods trade","exports_to_China / exports_to_world * 100","100","true","只覆盖货物贸易，不覆盖服务贸易；2024 年横截面不说明长期依赖趋势。","{""numerator"":5747534735.497,""denominator"":206422770548.377,""numerator_source_url"":""https://comtradeapi.un.org/public/v1/preview/C/A/HS?period=2024&reporterCode=40&cmdCode=TOTAL&flowCode=X&partnerCode=156&partner2Code=0&customsCode=C00&motCode=0&maxRecords=500"",""denominator_source_url"":""https://comtradeapi.un.org/public/v1/preview/C/A/HS?period=2024&reporterCode=40&cmdCode=TOTAL&flowCode=X&partnerCode=0&partner2Code=0&customsCode=C00&motCode=0&maxRecords=500"",""formula"":""exports_to_China / exports_to_world * 100""}","27.8","0.35"
"奥地利","austria","trade","2024","UN Comtrade","https://comtradeapi.un.org/public/v1/preview/C/A/HS?period=2024&reporterCode=40&cmdCode=TOTAL&flowCode=M&partnerCode=156&partner2Code=0&customsCode=C00&motCode=0&maxRecords=500","A","[]","[]","china_import_share","8.19","% goods trade","imports_from_China / imports_from_world * 100","100","true","只覆盖货物贸易，不覆盖服务贸易；2024 年横截面不说明长期依赖趋势。","{""numerator"":16739651695.341,""denominator"":204403454311.108,""numerator_source_url"":""https://comtradeapi.un.org/public/v1/preview/C/A/HS?period=2024&reporterCode=40&cmdCode=TOTAL&flowCode=M&partnerCode=156&partner2Code=0&customsCode=C00&motCode=0&maxRecords=500"",""denominator_source_url"":""https://comtradeapi.un.org/public/v1/preview/C/A/HS?period=2024&reporterCode=40&cmdCode=TOTAL&flowCode=M&partnerCode=0&partner2Code=0&customsCode=C00&motCode=0&maxRecords=500"",""formula"":""imports_from_China / imports_from_world * 100""}","40.9","0.35"
"奥地利","austria","trade","2024","UN Comtrade","https://comtradeapi.un.org/public/v1/preview/C/A/HS?period=2024&reporterCode=40&cmdCode=TOTAL&flowCode=X&partnerCode=156&partner2Code=0&customsCode=C00&motCode=0&maxRecords=500","A","[]","[]","china_trade_share","5.474","% goods trade","(exports_to_China + imports_from_China) / (exports_to_world + imports_from_world) * 100","100","true","只覆盖货物贸易，不覆盖服务贸易；2024 年横截面不说明长期依赖趋势。","{""numerator"":22487186430.837997,""denominator"":410826224859.485,""numerator_source_url"":""https://comtradeapi.un.org/public/v1/preview/C/A/HS?period=2024&reporterCode=40&cmdCode=TOTAL&flowCode=X&partnerCode=156&partner2Code=0&customsCode=C00&motCode=0&maxRecords=500"",""denominator_source_url"":""https://comtradeapi.un.org/public/v1/preview/C/A/HS?period=2024&reporterCode=40&cmdCode=TOTAL&flowCode=X&partnerCode=0&partner2Code=0&customsCode=C00&motCode=0&maxRecords=500"",""formula"":""(exports_to_China + imports_from_China) / (exports_to_world + imports_from_world) * 100""}","36.5","0.3"
"奥地利","austria","investment",,"待接入统一 China-origin FDI source",,"D","[]","[]","china_origin_fdi_stock_or_flow",,"million EUR","not calculated","0","false","普通 FDI 流量不等于中国来源 FDI；0 项项目金额记录因币种、状态与概念不同，仅保留在项目库，不合并。",,,"1"
"奥地利","austria","industrial","2025","Eurostat","https://ec.europa.eu/eurostat/api/dissemination/statistics/1.0/data/nama_10_a10?lang=en&freq=A&unit=PC_GDP&na_item=B1G&nace_r2=C&geo=AT&sinceTimePeriod=2025&untilTimePeriod=2025","A","[""parity:austria:manufacturing_share_gdp:2025""]","[]","manufacturing_share_gdp","15.3","%","无","100","true","一般产业结构变量不单独证明对华暴露，必须与可核验涉华产业项目共同解释。",,"35.3","0.2"
"奥地利","austria","industrial","2024","Eurostat","https://ec.europa.eu/eurostat/api/dissemination/statistics/1.0/data/ext_tec09?lang=en&freq=A&unit=THS_EUR&stk_flow=EXP&partner=WORLD&nace_r2=C29&geo=AT&sinceTimePeriod=2024&untilTimePeriod=2024","A","[""parity:austria:automotive_export_share:2024""]","[]","automotive_export_share","6.333","%","NACE_C29_exports / total_NACE_exports * 100","100","true","一般产业结构变量不单独证明对华暴露，必须与可核验涉华产业项目共同解释。","{""numerator"":11825717.05,""denominator"":186729830.32,""numerator_source_url"":""https://ec.europa.eu/eurostat/api/dissemination/statistics/1.0/data/ext_tec09?lang=en&freq=A&unit=THS_EUR&stk_flow=EXP&partner=WORLD&nace_r2=C29&geo=AT&sinceTimePeriod=2024&untilTimePeriod=2024"",""denominator_source_url"":""https://ec.europa.eu/eurostat/api/dissemination/statistics/1.0/data/ext_tec09?lang=en&freq=A&unit=THS_EUR&stk_flow=EXP&partner=WORLD&nace_r2=TOTAL&geo=AT&sinceTimePeriod=2024&untilTimePeriod=2024"",""formula"":""NACE_C29_exports / total_NACE_exports * 100""}","3.3","0.25"
"奥地利","austria","industrial","2024","UN Comtrade","https://comtradeapi.un.org/public/v1/preview/C/A/HS?period=2024&reporterCode=40&cmdCode=TOTAL&flowCode=X&partnerCode=276&partner2Code=0&customsCode=C00&motCode=0&maxRecords=500","A","[""transmission:austria:germany_export_dependence:2024""]","[]","germany_export_dependence","29.653","% exports","exports_to_Germany / exports_to_world * 100","100","true","一般产业结构变量不单独证明对华暴露，必须与可核验涉华产业项目共同解释。","{""numerator"":61210277248.485,""denominator"":206422770548.377,""numerator_source_url"":""https://comtradeapi.un.org/public/v1/preview/C/A/HS?period=2024&reporterCode=40&cmdCode=TOTAL&flowCode=X&partnerCode=276&partner2Code=0&customsCode=C00&motCode=0&maxRecords=500"",""denominator_source_url"":""https://comtradeapi.un.org/public/v1/preview/C/A/HS?period=2024&reporterCode=40&cmdCode=TOTAL&flowCode=X&partnerCode=0&partner2Code=0&customsCode=C00&motCode=0&maxRecords=500"",""formula"":""exports_to_Germany / exports_to_world * 100""}","65.5","0.15"
"奥地利","austria","industrial","2024","Eurostat nrg_pc_205","https://ec.europa.eu/eurostat/api/dissemination/statistics/1.0/data/nrg_pc_205?lang=en&freq=S&currency=EUR&nrg_cons=MWH500-1999&unit=KWH&tax=I_TAX&geo=AT&sinceTimePeriod=2024-S1&untilTimePeriod=2024-S1","A","[""transmission:austria:industrial_electricity_price:2024""]","[]","industrial_electricity_price","0.23955","欧元/kWh","(semester_1 + semester_2) / 2","100","true","一般产业结构变量不单独证明对华暴露，必须与可核验涉华产业项目共同解释。","{""numerator"":0.2384,""denominator"":0.2407,""numerator_source_url"":""https://ec.europa.eu/eurostat/api/dissemination/statistics/1.0/data/nrg_pc_205?lang=en&freq=S&currency=EUR&nrg_cons=MWH500-1999&unit=KWH&tax=I_TAX&geo=AT&sinceTimePeriod=2024-S1&untilTimePeriod=2024-S1"",""denominator_source_url"":""https://ec.europa.eu/eurostat/api/dissemination/statistics/1.0/data/nrg_pc_205?lang=en&freq=S&currency=EUR&nrg_cons=MWH500-1999&unit=KWH&tax=I_TAX&geo=AT&sinceTimePeriod=2024-S2&untilTimePeriod=2024-S2"",""formula"":""(semester_1 + semester_2) / 2""}","46.5","0.1"
"奥地利","austria","industrial","2024","Transparent Models / Industrial Dependency",,"A","[""parity:austria:manufacturing_share_gdp:2024"",""parity:austria:automotive_export_share:2024"",""transmission:austria:germany_export_dependence:2024"",""transmission:austria:industrial_electricity_price:2024""]","[]","industrial_dependency_score","36.2","0-100 comparative score","reuse published v0.70 transparent output without changing its formula","100","true","该输入描述一般产业结构，只在存在可核验涉华产业项目时用于对华产业维度。",,"36.2","0.15"
"奥地利","austria","industrial",,"待接入",,"D","[]","[]","china_linked_industrial_project_presence",,"binary verified presence","1 only when an A/B-source industrial project exists; missing coverage remains null","0","false","存在变量不表示投资规模、产能或供应链控制程度。",,,"0.15"
"克罗地亚","croatia","project",,"待接入",,"D","[]","[]","eligible_project_count",,"projects","count verified, quantifiable A/B-source projects","0","false","该国项目记录尚未系统接入；空值不表示不存在项目。",,,"0.45"
"克罗地亚","croatia","project",,"待接入",,"D","[]","[]","active_project_share",,"% eligible projects","active eligible projects / eligible projects * 100","0","false","项目状态来自核验记录，不能替代官方投资存量。",,,"0.3"
"克罗地亚","croatia","project",,"待接入",,"D","[]","[]","project_sector_concentration",,"% eligible projects","largest eligible project sector count / eligible projects * 100","0","false","小样本集中度容易受单个项目影响，只作为项目维度内部描述。",,,"0.25"
"克罗地亚","croatia","trade","2024","UN Comtrade","https://comtradeapi.un.org/public/v1/preview/C/A/HS?period=2024&reporterCode=191&cmdCode=TOTAL&flowCode=X&partnerCode=156&partner2Code=0&customsCode=C00&motCode=0&maxRecords=500","A","[]","[]","china_export_share","0.467","% goods trade","exports_to_China / exports_to_world * 100","100","true","只覆盖货物贸易，不覆盖服务贸易；2024 年横截面不说明长期依赖趋势。","{""numerator"":121761401,""denominator"":26062784883,""numerator_source_url"":""https://comtradeapi.un.org/public/v1/preview/C/A/HS?period=2024&reporterCode=191&cmdCode=TOTAL&flowCode=X&partnerCode=156&partner2Code=0&customsCode=C00&motCode=0&maxRecords=500"",""denominator_source_url"":""https://comtradeapi.un.org/public/v1/preview/C/A/HS?period=2024&reporterCode=191&cmdCode=TOTAL&flowCode=X&partnerCode=0&partner2Code=0&customsCode=C00&motCode=0&maxRecords=500"",""formula"":""exports_to_China / exports_to_world * 100""}","4.7","0.35"
"克罗地亚","croatia","trade","2024","UN Comtrade","https://comtradeapi.un.org/public/v1/preview/C/A/HS?period=2024&reporterCode=191&cmdCode=TOTAL&flowCode=M&partnerCode=156&partner2Code=0&customsCode=C00&motCode=0&maxRecords=500","A","[]","[]","china_import_share","3.442","% goods trade","imports_from_China / imports_from_world * 100","100","true","只覆盖货物贸易，不覆盖服务贸易；2024 年横截面不说明长期依赖趋势。","{""numerator"":1565828616,""denominator"":45486868189,""numerator_source_url"":""https://comtradeapi.un.org/public/v1/preview/C/A/HS?period=2024&reporterCode=191&cmdCode=TOTAL&flowCode=M&partnerCode=156&partner2Code=0&customsCode=C00&motCode=0&maxRecords=500"",""denominator_source_url"":""https://comtradeapi.un.org/public/v1/preview/C/A/HS?period=2024&reporterCode=191&cmdCode=TOTAL&flowCode=M&partnerCode=0&partner2Code=0&customsCode=C00&motCode=0&maxRecords=500"",""formula"":""imports_from_China / imports_from_world * 100""}","17.2","0.35"
"克罗地亚","croatia","trade","2024","UN Comtrade","https://comtradeapi.un.org/public/v1/preview/C/A/HS?period=2024&reporterCode=191&cmdCode=TOTAL&flowCode=X&partnerCode=156&partner2Code=0&customsCode=C00&motCode=0&maxRecords=500","A","[]","[]","china_trade_share","2.359","% goods trade","(exports_to_China + imports_from_China) / (exports_to_world + imports_from_world) * 100","100","true","只覆盖货物贸易，不覆盖服务贸易；2024 年横截面不说明长期依赖趋势。","{""numerator"":1687590017,""denominator"":71549653072,""numerator_source_url"":""https://comtradeapi.un.org/public/v1/preview/C/A/HS?period=2024&reporterCode=191&cmdCode=TOTAL&flowCode=X&partnerCode=156&partner2Code=0&customsCode=C00&motCode=0&maxRecords=500"",""denominator_source_url"":""https://comtradeapi.un.org/public/v1/preview/C/A/HS?period=2024&reporterCode=191&cmdCode=TOTAL&flowCode=X&partnerCode=0&partner2Code=0&customsCode=C00&motCode=0&maxRecords=500"",""formula"":""(exports_to_China + imports_from_China) / (exports_to_world + imports_from_world) * 100""}","15.7","0.3"
"克罗地亚","croatia","investment",,"待接入统一 China-origin FDI source",,"D","[]","[]","china_origin_fdi_stock_or_flow",,"million EUR","not calculated","0","false","普通 FDI 流量不等于中国来源 FDI；0 项项目金额记录因币种、状态与概念不同，仅保留在项目库，不合并。",,,"1"
"克罗地亚","croatia","industrial","2025","Eurostat","https://ec.europa.eu/eurostat/api/dissemination/statistics/1.0/data/nama_10_a10?lang=en&freq=A&unit=PC_GDP&na_item=B1G&nace_r2=C&geo=HR&sinceTimePeriod=2025&untilTimePeriod=2025","A","[""parity:croatia:manufacturing_share_gdp:2025""]","[]","manufacturing_share_gdp","10.1","%","无","100","true","一般产业结构变量不单独证明对华暴露，必须与可核验涉华产业项目共同解释。",,"0.7","0.2"
"克罗地亚","croatia","industrial","2023","Eurostat","https://ec.europa.eu/eurostat/api/dissemination/statistics/1.0/data/ext_tec09?lang=en&freq=A&unit=THS_EUR&stk_flow=EXP&partner=WORLD&nace_r2=C29&geo=HR&sinceTimePeriod=2023&untilTimePeriod=2023","A","[""parity:croatia:automotive_export_share:2023""]","[]","automotive_export_share","0.961","%","NACE_C29_exports / total_NACE_exports * 100","100","true","一般产业结构变量不单独证明对华暴露，必须与可核验涉华产业项目共同解释。","{""numerator"":186330.82,""denominator"":19396841.94,""numerator_source_url"":""https://ec.europa.eu/eurostat/api/dissemination/statistics/1.0/data/ext_tec09?lang=en&freq=A&unit=THS_EUR&stk_flow=EXP&partner=WORLD&nace_r2=C29&geo=HR&sinceTimePeriod=2023&untilTimePeriod=2023"",""denominator_source_url"":""https://ec.europa.eu/eurostat/api/dissemination/statistics/1.0/data/ext_tec09?lang=en&freq=A&unit=THS_EUR&stk_flow=EXP&partner=WORLD&nace_r2=TOTAL&geo=HR&sinceTimePeriod=2023&untilTimePeriod=2023"",""formula"":""NACE_C29_exports / total_NACE_exports * 100""}","0","0.25"
"克罗地亚","croatia","industrial","2024","UN Comtrade","https://comtradeapi.un.org/public/v1/preview/C/A/HS?period=2024&reporterCode=191&cmdCode=TOTAL&flowCode=X&partnerCode=276&partner2Code=0&customsCode=C00&motCode=0&maxRecords=500","A","[""transmission:croatia:germany_export_dependence:2024""]","[]","germany_export_dependence","11.909","% exports","exports_to_Germany / exports_to_world * 100","100","true","一般产业结构变量不单独证明对华暴露，必须与可核验涉华产业项目共同解释。","{""numerator"":3103744285,""denominator"":26062784883,""numerator_source_url"":""https://comtradeapi.un.org/public/v1/preview/C/A/HS?period=2024&reporterCode=191&cmdCode=TOTAL&flowCode=X&partnerCode=276&partner2Code=0&customsCode=C00&motCode=0&maxRecords=500"",""denominator_source_url"":""https://comtradeapi.un.org/public/v1/preview/C/A/HS?period=2024&reporterCode=191&cmdCode=TOTAL&flowCode=X&partnerCode=0&partner2Code=0&customsCode=C00&motCode=0&maxRecords=500"",""formula"":""exports_to_Germany / exports_to_world * 100""}","6.4","0.15"
"克罗地亚","croatia","industrial","2024","Eurostat nrg_pc_205","https://ec.europa.eu/eurostat/api/dissemination/statistics/1.0/data/nrg_pc_205?lang=en&freq=S&currency=EUR&nrg_cons=MWH500-1999&unit=KWH&tax=I_TAX&geo=HR&sinceTimePeriod=2024-S1&untilTimePeriod=2024-S1","A","[""transmission:croatia:industrial_electricity_price:2024""]","[]","industrial_electricity_price","0.2156","欧元/kWh","(semester_1 + semester_2) / 2","100","true","一般产业结构变量不单独证明对华暴露，必须与可核验涉华产业项目共同解释。","{""numerator"":0.2318,""denominator"":0.1994,""numerator_source_url"":""https://ec.europa.eu/eurostat/api/dissemination/statistics/1.0/data/nrg_pc_205?lang=en&freq=S&currency=EUR&nrg_cons=MWH500-1999&unit=KWH&tax=I_TAX&geo=HR&sinceTimePeriod=2024-S1&untilTimePeriod=2024-S1"",""denominator_source_url"":""https://ec.europa.eu/eurostat/api/dissemination/statistics/1.0/data/nrg_pc_205?lang=en&freq=S&currency=EUR&nrg_cons=MWH500-1999&unit=KWH&tax=I_TAX&geo=HR&sinceTimePeriod=2024-S2&untilTimePeriod=2024-S2"",""formula"":""(semester_1 + semester_2) / 2""}","38.5","0.1"
"克罗地亚","croatia","industrial","2023","Transparent Models / Industrial Dependency",,"A","[""parity:croatia:manufacturing_share_gdp:2023"",""parity:croatia:automotive_export_share:2023"",""transmission:croatia:germany_export_dependence:2023"",""transmission:croatia:industrial_electricity_price:2023""]","[]","industrial_dependency_score","15.8","0-100 comparative score","reuse published v0.70 transparent output without changing its formula","100","true","该输入描述一般产业结构，只在存在可核验涉华产业项目时用于对华产业维度。",,"15.8","0.15"
"克罗地亚","croatia","industrial",,"待接入",,"D","[]","[]","china_linked_industrial_project_presence",,"binary verified presence","1 only when an A/B-source industrial project exists; missing coverage remains null","0","false","存在变量不表示投资规模、产能或供应链控制程度。",,,"0.15"
