continuity_id,country_id,region_id,old_region_code,new_region_code,boundary_version,valid_from,valid_to,continuity_status,comparison_eligible,notes
"poland_lower_silesian_PL51_2021_2024","poland","poland_lower_silesian","PL51","PL51","NUTS 2024 correspondence","2021","2024","same_nuts2024_source_code_used_across_series","true","This confirms a stable source code in the selected Eurostat NUTS 2024 series; it is not a cadastral statement that historical boundaries never changed."
"poland_kuyavian_pomeranian_PL61_2021_2024","poland","poland_kuyavian_pomeranian","PL61","PL61","NUTS 2024 correspondence","2021","2024","same_nuts2024_source_code_used_across_series","true","This confirms a stable source code in the selected Eurostat NUTS 2024 series; it is not a cadastral statement that historical boundaries never changed."
"poland_lublin_PL81_2021_2024","poland","poland_lublin","PL81","PL81","NUTS 2024 correspondence","2021","2024","same_nuts2024_source_code_used_across_series","true","This confirms a stable source code in the selected Eurostat NUTS 2024 series; it is not a cadastral statement that historical boundaries never changed."
"poland_lubusz_PL43_2021_2024","poland","poland_lubusz","PL43","PL43","NUTS 2024 correspondence","2021","2024","same_nuts2024_source_code_used_across_series","true","This confirms a stable source code in the selected Eurostat NUTS 2024 series; it is not a cadastral statement that historical boundaries never changed."
"poland_lodz_PL71_2021_2024","poland","poland_lodz","PL71","PL71","NUTS 2024 correspondence","2021","2024","same_nuts2024_source_code_used_across_series","true","This confirms a stable source code in the selected Eurostat NUTS 2024 series; it is not a cadastral statement that historical boundaries never changed."
"poland_lesser_poland_PL21_2021_2024","poland","poland_lesser_poland","PL21","PL21","NUTS 2024 correspondence","2021","2024","same_nuts2024_source_code_used_across_series","true","This confirms a stable source code in the selected Eurostat NUTS 2024 series; it is not a cadastral statement that historical boundaries never changed."
"poland_masovian_PL91_2021_2024","poland","poland_masovian","PL91","PL91","NUTS 2024 correspondence","2021","2024","same_nuts2024_source_code_used_across_series","true","This confirms a stable source code in the selected Eurostat NUTS 2024 series; it is not a cadastral statement that historical boundaries never changed."
"poland_masovian_PL92_2021_2024","poland","poland_masovian","PL92","PL92","NUTS 2024 correspondence","2021","2024","same_nuts2024_source_code_used_across_series","true","This confirms a stable source code in the selected Eurostat NUTS 2024 series; it is not a cadastral statement that historical boundaries never changed."
"poland_opole_PL52_2021_2024","poland","poland_opole","PL52","PL52","NUTS 2024 correspondence","2021","2024","same_nuts2024_source_code_used_across_series","true","This confirms a stable source code in the selected Eurostat NUTS 2024 series; it is not a cadastral statement that historical boundaries never changed."
"poland_subcarpathian_PL82_2021_2024","poland","poland_subcarpathian","PL82","PL82","NUTS 2024 correspondence","2021","2024","same_nuts2024_source_code_used_across_series","true","This confirms a stable source code in the selected Eurostat NUTS 2024 series; it is not a cadastral statement that historical boundaries never changed."
"poland_podlaskie_PL84_2021_2024","poland","poland_podlaskie","PL84","PL84","NUTS 2024 correspondence","2021","2024","same_nuts2024_source_code_used_across_series","true","This confirms a stable source code in the selected Eurostat NUTS 2024 series; it is not a cadastral statement that historical boundaries never changed."
"poland_pomeranian_PL63_2021_2024","poland","poland_pomeranian","PL63","PL63","NUTS 2024 correspondence","2021","2024","same_nuts2024_source_code_used_across_series","true","This confirms a stable source code in the selected Eurostat NUTS 2024 series; it is not a cadastral statement that historical boundaries never changed."
"poland_silesian_PL22_2021_2024","poland","poland_silesian","PL22","PL22","NUTS 2024 correspondence","2021","2024","same_nuts2024_source_code_used_across_series","true","This confirms a stable source code in the selected Eurostat NUTS 2024 series; it is not a cadastral statement that historical boundaries never changed."
"poland_swietokrzyskie_PL72_2021_2024","poland","poland_swietokrzyskie","PL72","PL72","NUTS 2024 correspondence","2021","2024","same_nuts2024_source_code_used_across_series","true","This confirms a stable source code in the selected Eurostat NUTS 2024 series; it is not a cadastral statement that historical boundaries never changed."
"poland_warmian_masurian_PL62_2021_2024","poland","poland_warmian_masurian","PL62","PL62","NUTS 2024 correspondence","2021","2024","same_nuts2024_source_code_used_across_series","true","This confirms a stable source code in the selected Eurostat NUTS 2024 series; it is not a cadastral statement that historical boundaries never changed."
"poland_greater_poland_PL41_2021_2024","poland","poland_greater_poland","PL41","PL41","NUTS 2024 correspondence","2021","2024","same_nuts2024_source_code_used_across_series","true","This confirms a stable source code in the selected Eurostat NUTS 2024 series; it is not a cadastral statement that historical boundaries never changed."
"poland_west_pomeranian_PL42_2021_2024","poland","poland_west_pomeranian","PL42","PL42","NUTS 2024 correspondence","2021","2024","same_nuts2024_source_code_used_across_series","true","This confirms a stable source code in the selected Eurostat NUTS 2024 series; it is not a cadastral statement that historical boundaries never changed."
"hungary_budapest_HU110_2021_2024","hungary","hungary_budapest","HU110","HU110","NUTS 2024 correspondence","2021","2024","same_nuts2024_source_code_used_across_series","true","This confirms a stable source code in the selected Eurostat NUTS 2024 series; it is not a cadastral statement that historical boundaries never changed."
"hungary_bacs_kiskun_HU331_2021_2024","hungary","hungary_bacs_kiskun","HU331","HU331","NUTS 2024 correspondence","2021","2024","same_nuts2024_source_code_used_across_series","true","This confirms a stable source code in the selected Eurostat NUTS 2024 series; it is not a cadastral statement that historical boundaries never changed."
"hungary_baranya_HU231_2021_2024","hungary","hungary_baranya","HU231","HU231","NUTS 2024 correspondence","2021","2024","same_nuts2024_source_code_used_across_series","true","This confirms a stable source code in the selected Eurostat NUTS 2024 series; it is not a cadastral statement that historical boundaries never changed."
"hungary_bekes_HU332_2021_2024","hungary","hungary_bekes","HU332","HU332","NUTS 2024 correspondence","2021","2024","same_nuts2024_source_code_used_across_series","true","This confirms a stable source code in the selected Eurostat NUTS 2024 series; it is not a cadastral statement that historical boundaries never changed."
"hungary_borsod_abauj_zemplen_HU311_2021_2024","hungary","hungary_borsod_abauj_zemplen","HU311","HU311","NUTS 2024 correspondence","2021","2024","same_nuts2024_source_code_used_across_series","true","This confirms a stable source code in the selected Eurostat NUTS 2024 series; it is not a cadastral statement that historical boundaries never changed."
"hungary_csongrad_csanad_HU333_2021_2024","hungary","hungary_csongrad_csanad","HU333","HU333","NUTS 2024 correspondence","2021","2024","same_nuts2024_source_code_used_across_series","true","This confirms a stable source code in the selected Eurostat NUTS 2024 series; it is not a cadastral statement that historical boundaries never changed."
"hungary_fejer_HU211_2021_2024","hungary","hungary_fejer","HU211","HU211","NUTS 2024 correspondence","2021","2024","same_nuts2024_source_code_used_across_series","true","This confirms a stable source code in the selected Eurostat NUTS 2024 series; it is not a cadastral statement that historical boundaries never changed."
"hungary_gyor_moson_sopron_HU221_2021_2024","hungary","hungary_gyor_moson_sopron","HU221","HU221","NUTS 2024 correspondence","2021","2024","same_nuts2024_source_code_used_across_series","true","This confirms a stable source code in the selected Eurostat NUTS 2024 series; it is not a cadastral statement that historical boundaries never changed."
"hungary_hajdu_bihar_HU321_2021_2024","hungary","hungary_hajdu_bihar","HU321","HU321","NUTS 2024 correspondence","2021","2024","same_nuts2024_source_code_used_across_series","true","This confirms a stable source code in the selected Eurostat NUTS 2024 series; it is not a cadastral statement that historical boundaries never changed."
"hungary_heves_HU312_2021_2024","hungary","hungary_heves","HU312","HU312","NUTS 2024 correspondence","2021","2024","same_nuts2024_source_code_used_across_series","true","This confirms a stable source code in the selected Eurostat NUTS 2024 series; it is not a cadastral statement that historical boundaries never changed."
"hungary_jasz_nagykun_szolnok_HU322_2021_2024","hungary","hungary_jasz_nagykun_szolnok","HU322","HU322","NUTS 2024 correspondence","2021","2024","same_nuts2024_source_code_used_across_series","true","This confirms a stable source code in the selected Eurostat NUTS 2024 series; it is not a cadastral statement that historical boundaries never changed."
"hungary_komarom_esztergom_HU212_2021_2024","hungary","hungary_komarom_esztergom","HU212","HU212","NUTS 2024 correspondence","2021","2024","same_nuts2024_source_code_used_across_series","true","This confirms a stable source code in the selected Eurostat NUTS 2024 series; it is not a cadastral statement that historical boundaries never changed."
"hungary_nograd_HU313_2021_2024","hungary","hungary_nograd","HU313","HU313","NUTS 2024 correspondence","2021","2024","same_nuts2024_source_code_used_across_series","true","This confirms a stable source code in the selected Eurostat NUTS 2024 series; it is not a cadastral statement that historical boundaries never changed."
"hungary_pest_HU120_2021_2024","hungary","hungary_pest","HU120","HU120","NUTS 2024 correspondence","2021","2024","same_nuts2024_source_code_used_across_series","true","This confirms a stable source code in the selected Eurostat NUTS 2024 series; it is not a cadastral statement that historical boundaries never changed."
"hungary_somogy_HU232_2021_2024","hungary","hungary_somogy","HU232","HU232","NUTS 2024 correspondence","2021","2024","same_nuts2024_source_code_used_across_series","true","This confirms a stable source code in the selected Eurostat NUTS 2024 series; it is not a cadastral statement that historical boundaries never changed."
"hungary_szabolcs_szatmar_bereg_HU323_2021_2024","hungary","hungary_szabolcs_szatmar_bereg","HU323","HU323","NUTS 2024 correspondence","2021","2024","same_nuts2024_source_code_used_across_series","true","This confirms a stable source code in the selected Eurostat NUTS 2024 series; it is not a cadastral statement that historical boundaries never changed."
"hungary_tolna_HU233_2021_2024","hungary","hungary_tolna","HU233","HU233","NUTS 2024 correspondence","2021","2024","same_nuts2024_source_code_used_across_series","true","This confirms a stable source code in the selected Eurostat NUTS 2024 series; it is not a cadastral statement that historical boundaries never changed."
"hungary_vas_HU222_2021_2024","hungary","hungary_vas","HU222","HU222","NUTS 2024 correspondence","2021","2024","same_nuts2024_source_code_used_across_series","true","This confirms a stable source code in the selected Eurostat NUTS 2024 series; it is not a cadastral statement that historical boundaries never changed."
"hungary_veszprem_HU213_2021_2024","hungary","hungary_veszprem","HU213","HU213","NUTS 2024 correspondence","2021","2024","same_nuts2024_source_code_used_across_series","true","This confirms a stable source code in the selected Eurostat NUTS 2024 series; it is not a cadastral statement that historical boundaries never changed."
"hungary_zala_HU223_2021_2024","hungary","hungary_zala","HU223","HU223","NUTS 2024 correspondence","2021","2024","same_nuts2024_source_code_used_across_series","true","This confirms a stable source code in the selected Eurostat NUTS 2024 series; it is not a cadastral statement that historical boundaries never changed."
"czechia_prague_CZ010_2021_2024","czechia","czechia_prague","CZ010","CZ010","NUTS 2024 correspondence","2021","2024","same_nuts2024_source_code_used_across_series","true","This confirms a stable source code in the selected Eurostat NUTS 2024 series; it is not a cadastral statement that historical boundaries never changed."
"czechia_central_bohemian_CZ020_2021_2024","czechia","czechia_central_bohemian","CZ020","CZ020","NUTS 2024 correspondence","2021","2024","same_nuts2024_source_code_used_across_series","true","This confirms a stable source code in the selected Eurostat NUTS 2024 series; it is not a cadastral statement that historical boundaries never changed."
"czechia_south_bohemian_CZ031_2021_2024","czechia","czechia_south_bohemian","CZ031","CZ031","NUTS 2024 correspondence","2021","2024","same_nuts2024_source_code_used_across_series","true","This confirms a stable source code in the selected Eurostat NUTS 2024 series; it is not a cadastral statement that historical boundaries never changed."
"czechia_plzen_CZ032_2021_2024","czechia","czechia_plzen","CZ032","CZ032","NUTS 2024 correspondence","2021","2024","same_nuts2024_source_code_used_across_series","true","This confirms a stable source code in the selected Eurostat NUTS 2024 series; it is not a cadastral statement that historical boundaries never changed."
"czechia_karlovy_vary_CZ041_2021_2024","czechia","czechia_karlovy_vary","CZ041","CZ041","NUTS 2024 correspondence","2021","2024","same_nuts2024_source_code_used_across_series","true","This confirms a stable source code in the selected Eurostat NUTS 2024 series; it is not a cadastral statement that historical boundaries never changed."
"czechia_usti_CZ042_2021_2024","czechia","czechia_usti","CZ042","CZ042","NUTS 2024 correspondence","2021","2024","same_nuts2024_source_code_used_across_series","true","This confirms a stable source code in the selected Eurostat NUTS 2024 series; it is not a cadastral statement that historical boundaries never changed."
"czechia_liberec_CZ051_2021_2024","czechia","czechia_liberec","CZ051","CZ051","NUTS 2024 correspondence","2021","2024","same_nuts2024_source_code_used_across_series","true","This confirms a stable source code in the selected Eurostat NUTS 2024 series; it is not a cadastral statement that historical boundaries never changed."
"czechia_hradec_kralove_CZ052_2021_2024","czechia","czechia_hradec_kralove","CZ052","CZ052","NUTS 2024 correspondence","2021","2024","same_nuts2024_source_code_used_across_series","true","This confirms a stable source code in the selected Eurostat NUTS 2024 series; it is not a cadastral statement that historical boundaries never changed."
"czechia_pardubice_CZ053_2021_2024","czechia","czechia_pardubice","CZ053","CZ053","NUTS 2024 correspondence","2021","2024","same_nuts2024_source_code_used_across_series","true","This confirms a stable source code in the selected Eurostat NUTS 2024 series; it is not a cadastral statement that historical boundaries never changed."
"czechia_vysocina_CZ063_2021_2024","czechia","czechia_vysocina","CZ063","CZ063","NUTS 2024 correspondence","2021","2024","same_nuts2024_source_code_used_across_series","true","This confirms a stable source code in the selected Eurostat NUTS 2024 series; it is not a cadastral statement that historical boundaries never changed."
"czechia_south_moravian_CZ064_2021_2024","czechia","czechia_south_moravian","CZ064","CZ064","NUTS 2024 correspondence","2021","2024","same_nuts2024_source_code_used_across_series","true","This confirms a stable source code in the selected Eurostat NUTS 2024 series; it is not a cadastral statement that historical boundaries never changed."
"czechia_olomouc_CZ071_2021_2024","czechia","czechia_olomouc","CZ071","CZ071","NUTS 2024 correspondence","2021","2024","same_nuts2024_source_code_used_across_series","true","This confirms a stable source code in the selected Eurostat NUTS 2024 series; it is not a cadastral statement that historical boundaries never changed."
"czechia_zlin_CZ072_2021_2024","czechia","czechia_zlin","CZ072","CZ072","NUTS 2024 correspondence","2021","2024","same_nuts2024_source_code_used_across_series","true","This confirms a stable source code in the selected Eurostat NUTS 2024 series; it is not a cadastral statement that historical boundaries never changed."
"czechia_moravian_silesian_CZ080_2021_2024","czechia","czechia_moravian_silesian","CZ080","CZ080","NUTS 2024 correspondence","2021","2024","same_nuts2024_source_code_used_across_series","true","This confirms a stable source code in the selected Eurostat NUTS 2024 series; it is not a cadastral statement that historical boundaries never changed."
"slovakia_bratislava_SK010_2021_2024","slovakia","slovakia_bratislava","SK010","SK010","NUTS 2024 correspondence","2021","2024","same_nuts2024_source_code_used_across_series","true","This confirms a stable source code in the selected Eurostat NUTS 2024 series; it is not a cadastral statement that historical boundaries never changed."
"slovakia_trnava_SK021_2021_2024","slovakia","slovakia_trnava","SK021","SK021","NUTS 2024 correspondence","2021","2024","same_nuts2024_source_code_used_across_series","true","This confirms a stable source code in the selected Eurostat NUTS 2024 series; it is not a cadastral statement that historical boundaries never changed."
"slovakia_trencin_SK022_2021_2024","slovakia","slovakia_trencin","SK022","SK022","NUTS 2024 correspondence","2021","2024","same_nuts2024_source_code_used_across_series","true","This confirms a stable source code in the selected Eurostat NUTS 2024 series; it is not a cadastral statement that historical boundaries never changed."
"slovakia_nitra_SK023_2021_2024","slovakia","slovakia_nitra","SK023","SK023","NUTS 2024 correspondence","2021","2024","same_nuts2024_source_code_used_across_series","true","This confirms a stable source code in the selected Eurostat NUTS 2024 series; it is not a cadastral statement that historical boundaries never changed."
"slovakia_zilina_SK031_2021_2024","slovakia","slovakia_zilina","SK031","SK031","NUTS 2024 correspondence","2021","2024","same_nuts2024_source_code_used_across_series","true","This confirms a stable source code in the selected Eurostat NUTS 2024 series; it is not a cadastral statement that historical boundaries never changed."
"slovakia_banska_bystrica_SK032_2021_2024","slovakia","slovakia_banska_bystrica","SK032","SK032","NUTS 2024 correspondence","2021","2024","same_nuts2024_source_code_used_across_series","true","This confirms a stable source code in the selected Eurostat NUTS 2024 series; it is not a cadastral statement that historical boundaries never changed."
"slovakia_presov_SK041_2021_2024","slovakia","slovakia_presov","SK041","SK041","NUTS 2024 correspondence","2021","2024","same_nuts2024_source_code_used_across_series","true","This confirms a stable source code in the selected Eurostat NUTS 2024 series; it is not a cadastral statement that historical boundaries never changed."
"slovakia_kosice_SK042_2021_2024","slovakia","slovakia_kosice","SK042","SK042","NUTS 2024 correspondence","2021","2024","same_nuts2024_source_code_used_across_series","true","This confirms a stable source code in the selected Eurostat NUTS 2024 series; it is not a cadastral statement that historical boundaries never changed."
"germany_baden_wurttemberg_DE1_2021_2024","germany","germany_baden_wurttemberg","DE1","DE1","NUTS 2024 correspondence","2021","2024","same_nuts2024_source_code_used_across_series","true","This confirms a stable source code in the selected Eurostat NUTS 2024 series; it is not a cadastral statement that historical boundaries never changed."
"germany_bavaria_DE2_2021_2024","germany","germany_bavaria","DE2","DE2","NUTS 2024 correspondence","2021","2024","same_nuts2024_source_code_used_across_series","true","This confirms a stable source code in the selected Eurostat NUTS 2024 series; it is not a cadastral statement that historical boundaries never changed."
"germany_berlin_DE3_2021_2024","germany","germany_berlin","DE3","DE3","NUTS 2024 correspondence","2021","2024","same_nuts2024_source_code_used_across_series","true","This confirms a stable source code in the selected Eurostat NUTS 2024 series; it is not a cadastral statement that historical boundaries never changed."
"germany_brandenburg_DE4_2021_2024","germany","germany_brandenburg","DE4","DE4","NUTS 2024 correspondence","2021","2024","same_nuts2024_source_code_used_across_series","true","This confirms a stable source code in the selected Eurostat NUTS 2024 series; it is not a cadastral statement that historical boundaries never changed."
"germany_bremen_DE5_2021_2024","germany","germany_bremen","DE5","DE5","NUTS 2024 correspondence","2021","2024","same_nuts2024_source_code_used_across_series","true","This confirms a stable source code in the selected Eurostat NUTS 2024 series; it is not a cadastral statement that historical boundaries never changed."
"germany_hamburg_DE6_2021_2024","germany","germany_hamburg","DE6","DE6","NUTS 2024 correspondence","2021","2024","same_nuts2024_source_code_used_across_series","true","This confirms a stable source code in the selected Eurostat NUTS 2024 series; it is not a cadastral statement that historical boundaries never changed."
"germany_hesse_DE7_2021_2024","germany","germany_hesse","DE7","DE7","NUTS 2024 correspondence","2021","2024","same_nuts2024_source_code_used_across_series","true","This confirms a stable source code in the selected Eurostat NUTS 2024 series; it is not a cadastral statement that historical boundaries never changed."
"germany_lower_saxony_de_DE9_2021_2024","germany","germany_lower_saxony_de","DE9","DE9","NUTS 2024 correspondence","2021","2024","same_nuts2024_source_code_used_across_series","true","This confirms a stable source code in the selected Eurostat NUTS 2024 series; it is not a cadastral statement that historical boundaries never changed."
"germany_mecklenburg_vorpommern_DE8_2021_2024","germany","germany_mecklenburg_vorpommern","DE8","DE8","NUTS 2024 correspondence","2021","2024","same_nuts2024_source_code_used_across_series","true","This confirms a stable source code in the selected Eurostat NUTS 2024 series; it is not a cadastral statement that historical boundaries never changed."
"germany_north_rhine_westphalia_DEA_2021_2024","germany","germany_north_rhine_westphalia","DEA","DEA","NUTS 2024 correspondence","2021","2024","same_nuts2024_source_code_used_across_series","true","This confirms a stable source code in the selected Eurostat NUTS 2024 series; it is not a cadastral statement that historical boundaries never changed."
"germany_rhineland_palatinate_DEB_2021_2024","germany","germany_rhineland_palatinate","DEB","DEB","NUTS 2024 correspondence","2021","2024","same_nuts2024_source_code_used_across_series","true","This confirms a stable source code in the selected Eurostat NUTS 2024 series; it is not a cadastral statement that historical boundaries never changed."
"germany_saarland_DEC_2021_2024","germany","germany_saarland","DEC","DEC","NUTS 2024 correspondence","2021","2024","same_nuts2024_source_code_used_across_series","true","This confirms a stable source code in the selected Eurostat NUTS 2024 series; it is not a cadastral statement that historical boundaries never changed."
"germany_saxony_DED_2021_2024","germany","germany_saxony","DED","DED","NUTS 2024 correspondence","2021","2024","same_nuts2024_source_code_used_across_series","true","This confirms a stable source code in the selected Eurostat NUTS 2024 series; it is not a cadastral statement that historical boundaries never changed."
"germany_saxony_anhalt_DEE_2021_2024","germany","germany_saxony_anhalt","DEE","DEE","NUTS 2024 correspondence","2021","2024","same_nuts2024_source_code_used_across_series","true","This confirms a stable source code in the selected Eurostat NUTS 2024 series; it is not a cadastral statement that historical boundaries never changed."
"germany_schleswig_holstein_DEF_2021_2024","germany","germany_schleswig_holstein","DEF","DEF","NUTS 2024 correspondence","2021","2024","same_nuts2024_source_code_used_across_series","true","This confirms a stable source code in the selected Eurostat NUTS 2024 series; it is not a cadastral statement that historical boundaries never changed."
"germany_thuringia_DEG_2021_2024","germany","germany_thuringia","DEG","DEG","NUTS 2024 correspondence","2021","2024","same_nuts2024_source_code_used_across_series","true","This confirms a stable source code in the selected Eurostat NUTS 2024 series; it is not a cadastral statement that historical boundaries never changed."
"romania_alba_RO121_2021_2024","romania","romania_alba","RO121","RO121","NUTS 2024 correspondence","2021","2024","same_nuts2024_source_code_used_across_series","true","This confirms a stable source code in the selected Eurostat NUTS 2024 series; it is not a cadastral statement that historical boundaries never changed."
"romania_arad_RO421_2021_2024","romania","romania_arad","RO421","RO421","NUTS 2024 correspondence","2021","2024","same_nuts2024_source_code_used_across_series","true","This confirms a stable source code in the selected Eurostat NUTS 2024 series; it is not a cadastral statement that historical boundaries never changed."
"romania_arges_RO311_2021_2024","romania","romania_arges","RO311","RO311","NUTS 2024 correspondence","2021","2024","same_nuts2024_source_code_used_across_series","true","This confirms a stable source code in the selected Eurostat NUTS 2024 series; it is not a cadastral statement that historical boundaries never changed."
"romania_bacau_RO211_2021_2024","romania","romania_bacau","RO211","RO211","NUTS 2024 correspondence","2021","2024","same_nuts2024_source_code_used_across_series","true","This confirms a stable source code in the selected Eurostat NUTS 2024 series; it is not a cadastral statement that historical boundaries never changed."
"romania_bihor_RO111_2021_2024","romania","romania_bihor","RO111","RO111","NUTS 2024 correspondence","2021","2024","same_nuts2024_source_code_used_across_series","true","This confirms a stable source code in the selected Eurostat NUTS 2024 series; it is not a cadastral statement that historical boundaries never changed."
"romania_bistrita_nasaud_RO112_2021_2024","romania","romania_bistrita_nasaud","RO112","RO112","NUTS 2024 correspondence","2021","2024","same_nuts2024_source_code_used_across_series","true","This confirms a stable source code in the selected Eurostat NUTS 2024 series; it is not a cadastral statement that historical boundaries never changed."
"romania_botosani_RO212_2021_2024","romania","romania_botosani","RO212","RO212","NUTS 2024 correspondence","2021","2024","same_nuts2024_source_code_used_across_series","true","This confirms a stable source code in the selected Eurostat NUTS 2024 series; it is not a cadastral statement that historical boundaries never changed."
"romania_brasov_RO122_2021_2024","romania","romania_brasov","RO122","RO122","NUTS 2024 correspondence","2021","2024","same_nuts2024_source_code_used_across_series","true","This confirms a stable source code in the selected Eurostat NUTS 2024 series; it is not a cadastral statement that historical boundaries never changed."
"romania_braila_RO221_2021_2024","romania","romania_braila","RO221","RO221","NUTS 2024 correspondence","2021","2024","same_nuts2024_source_code_used_across_series","true","This confirms a stable source code in the selected Eurostat NUTS 2024 series; it is not a cadastral statement that historical boundaries never changed."
"romania_bucharest_RO321_2021_2024","romania","romania_bucharest","RO321","RO321","NUTS 2024 correspondence","2021","2024","same_nuts2024_source_code_used_across_series","true","This confirms a stable source code in the selected Eurostat NUTS 2024 series; it is not a cadastral statement that historical boundaries never changed."
"romania_buzau_RO222_2021_2024","romania","romania_buzau","RO222","RO222","NUTS 2024 correspondence","2021","2024","same_nuts2024_source_code_used_across_series","true","This confirms a stable source code in the selected Eurostat NUTS 2024 series; it is not a cadastral statement that historical boundaries never changed."
"romania_caras_severin_RO422_2021_2024","romania","romania_caras_severin","RO422","RO422","NUTS 2024 correspondence","2021","2024","same_nuts2024_source_code_used_across_series","true","This confirms a stable source code in the selected Eurostat NUTS 2024 series; it is not a cadastral statement that historical boundaries never changed."
"romania_calarasi_RO312_2021_2024","romania","romania_calarasi","RO312","RO312","NUTS 2024 correspondence","2021","2024","same_nuts2024_source_code_used_across_series","true","This confirms a stable source code in the selected Eurostat NUTS 2024 series; it is not a cadastral statement that historical boundaries never changed."
"romania_cluj_RO113_2021_2024","romania","romania_cluj","RO113","RO113","NUTS 2024 correspondence","2021","2024","same_nuts2024_source_code_used_across_series","true","This confirms a stable source code in the selected Eurostat NUTS 2024 series; it is not a cadastral statement that historical boundaries never changed."
"romania_constanta_RO223_2021_2024","romania","romania_constanta","RO223","RO223","NUTS 2024 correspondence","2021","2024","same_nuts2024_source_code_used_across_series","true","This confirms a stable source code in the selected Eurostat NUTS 2024 series; it is not a cadastral statement that historical boundaries never changed."
"romania_covasna_RO123_2021_2024","romania","romania_covasna","RO123","RO123","NUTS 2024 correspondence","2021","2024","same_nuts2024_source_code_used_across_series","true","This confirms a stable source code in the selected Eurostat NUTS 2024 series; it is not a cadastral statement that historical boundaries never changed."
"romania_dambovita_RO313_2021_2024","romania","romania_dambovita","RO313","RO313","NUTS 2024 correspondence","2021","2024","same_nuts2024_source_code_used_across_series","true","This confirms a stable source code in the selected Eurostat NUTS 2024 series; it is not a cadastral statement that historical boundaries never changed."
"romania_dolj_RO411_2021_2024","romania","romania_dolj","RO411","RO411","NUTS 2024 correspondence","2021","2024","same_nuts2024_source_code_used_across_series","true","This confirms a stable source code in the selected Eurostat NUTS 2024 series; it is not a cadastral statement that historical boundaries never changed."
"romania_galati_RO224_2021_2024","romania","romania_galati","RO224","RO224","NUTS 2024 correspondence","2021","2024","same_nuts2024_source_code_used_across_series","true","This confirms a stable source code in the selected Eurostat NUTS 2024 series; it is not a cadastral statement that historical boundaries never changed."
"romania_giurgiu_RO314_2021_2024","romania","romania_giurgiu","RO314","RO314","NUTS 2024 correspondence","2021","2024","same_nuts2024_source_code_used_across_series","true","This confirms a stable source code in the selected Eurostat NUTS 2024 series; it is not a cadastral statement that historical boundaries never changed."
"romania_gorj_RO412_2021_2024","romania","romania_gorj","RO412","RO412","NUTS 2024 correspondence","2021","2024","same_nuts2024_source_code_used_across_series","true","This confirms a stable source code in the selected Eurostat NUTS 2024 series; it is not a cadastral statement that historical boundaries never changed."
"romania_harghita_RO124_2021_2024","romania","romania_harghita","RO124","RO124","NUTS 2024 correspondence","2021","2024","same_nuts2024_source_code_used_across_series","true","This confirms a stable source code in the selected Eurostat NUTS 2024 series; it is not a cadastral statement that historical boundaries never changed."
"romania_hunedoara_RO423_2021_2024","romania","romania_hunedoara","RO423","RO423","NUTS 2024 correspondence","2021","2024","same_nuts2024_source_code_used_across_series","true","This confirms a stable source code in the selected Eurostat NUTS 2024 series; it is not a cadastral statement that historical boundaries never changed."
"romania_ialomita_RO315_2021_2024","romania","romania_ialomita","RO315","RO315","NUTS 2024 correspondence","2021","2024","same_nuts2024_source_code_used_across_series","true","This confirms a stable source code in the selected Eurostat NUTS 2024 series; it is not a cadastral statement that historical boundaries never changed."
"romania_iasi_RO213_2021_2024","romania","romania_iasi","RO213","RO213","NUTS 2024 correspondence","2021","2024","same_nuts2024_source_code_used_across_series","true","This confirms a stable source code in the selected Eurostat NUTS 2024 series; it is not a cadastral statement that historical boundaries never changed."
"romania_ilfov_RO322_2021_2024","romania","romania_ilfov","RO322","RO322","NUTS 2024 correspondence","2021","2024","same_nuts2024_source_code_used_across_series","true","This confirms a stable source code in the selected Eurostat NUTS 2024 series; it is not a cadastral statement that historical boundaries never changed."
"romania_maramures_RO114_2021_2024","romania","romania_maramures","RO114","RO114","NUTS 2024 correspondence","2021","2024","same_nuts2024_source_code_used_across_series","true","This confirms a stable source code in the selected Eurostat NUTS 2024 series; it is not a cadastral statement that historical boundaries never changed."
"romania_mehedinti_RO413_2021_2024","romania","romania_mehedinti","RO413","RO413","NUTS 2024 correspondence","2021","2024","same_nuts2024_source_code_used_across_series","true","This confirms a stable source code in the selected Eurostat NUTS 2024 series; it is not a cadastral statement that historical boundaries never changed."
"romania_mures_RO125_2021_2024","romania","romania_mures","RO125","RO125","NUTS 2024 correspondence","2021","2024","same_nuts2024_source_code_used_across_series","true","This confirms a stable source code in the selected Eurostat NUTS 2024 series; it is not a cadastral statement that historical boundaries never changed."
"romania_neamt_RO214_2021_2024","romania","romania_neamt","RO214","RO214","NUTS 2024 correspondence","2021","2024","same_nuts2024_source_code_used_across_series","true","This confirms a stable source code in the selected Eurostat NUTS 2024 series; it is not a cadastral statement that historical boundaries never changed."
"romania_olt_RO414_2021_2024","romania","romania_olt","RO414","RO414","NUTS 2024 correspondence","2021","2024","same_nuts2024_source_code_used_across_series","true","This confirms a stable source code in the selected Eurostat NUTS 2024 series; it is not a cadastral statement that historical boundaries never changed."
"romania_prahova_RO316_2021_2024","romania","romania_prahova","RO316","RO316","NUTS 2024 correspondence","2021","2024","same_nuts2024_source_code_used_across_series","true","This confirms a stable source code in the selected Eurostat NUTS 2024 series; it is not a cadastral statement that historical boundaries never changed."
"romania_satu_mare_RO115_2021_2024","romania","romania_satu_mare","RO115","RO115","NUTS 2024 correspondence","2021","2024","same_nuts2024_source_code_used_across_series","true","This confirms a stable source code in the selected Eurostat NUTS 2024 series; it is not a cadastral statement that historical boundaries never changed."
"romania_salaj_RO116_2021_2024","romania","romania_salaj","RO116","RO116","NUTS 2024 correspondence","2021","2024","same_nuts2024_source_code_used_across_series","true","This confirms a stable source code in the selected Eurostat NUTS 2024 series; it is not a cadastral statement that historical boundaries never changed."
"romania_sibiu_RO126_2021_2024","romania","romania_sibiu","RO126","RO126","NUTS 2024 correspondence","2021","2024","same_nuts2024_source_code_used_across_series","true","This confirms a stable source code in the selected Eurostat NUTS 2024 series; it is not a cadastral statement that historical boundaries never changed."
"romania_suceava_RO215_2021_2024","romania","romania_suceava","RO215","RO215","NUTS 2024 correspondence","2021","2024","same_nuts2024_source_code_used_across_series","true","This confirms a stable source code in the selected Eurostat NUTS 2024 series; it is not a cadastral statement that historical boundaries never changed."
"romania_teleorman_RO317_2021_2024","romania","romania_teleorman","RO317","RO317","NUTS 2024 correspondence","2021","2024","same_nuts2024_source_code_used_across_series","true","This confirms a stable source code in the selected Eurostat NUTS 2024 series; it is not a cadastral statement that historical boundaries never changed."
"romania_timis_RO424_2021_2024","romania","romania_timis","RO424","RO424","NUTS 2024 correspondence","2021","2024","same_nuts2024_source_code_used_across_series","true","This confirms a stable source code in the selected Eurostat NUTS 2024 series; it is not a cadastral statement that historical boundaries never changed."
"romania_tulcea_RO225_2021_2024","romania","romania_tulcea","RO225","RO225","NUTS 2024 correspondence","2021","2024","same_nuts2024_source_code_used_across_series","true","This confirms a stable source code in the selected Eurostat NUTS 2024 series; it is not a cadastral statement that historical boundaries never changed."
"romania_vaslui_RO216_2021_2024","romania","romania_vaslui","RO216","RO216","NUTS 2024 correspondence","2021","2024","same_nuts2024_source_code_used_across_series","true","This confirms a stable source code in the selected Eurostat NUTS 2024 series; it is not a cadastral statement that historical boundaries never changed."
"romania_valcea_RO415_2021_2024","romania","romania_valcea","RO415","RO415","NUTS 2024 correspondence","2021","2024","same_nuts2024_source_code_used_across_series","true","This confirms a stable source code in the selected Eurostat NUTS 2024 series; it is not a cadastral statement that historical boundaries never changed."
"romania_vrancea_RO226_2021_2024","romania","romania_vrancea","RO226","RO226","NUTS 2024 correspondence","2021","2024","same_nuts2024_source_code_used_across_series","true","This confirms a stable source code in the selected Eurostat NUTS 2024 series; it is not a cadastral statement that historical boundaries never changed."
"slovenia_eastern_slovenia_SI03_2021_2024","slovenia","slovenia_eastern_slovenia","SI03","SI03","NUTS 2024 correspondence","2021","2024","same_nuts2024_source_code_used_across_series","true","This confirms a stable source code in the selected Eurostat NUTS 2024 series; it is not a cadastral statement that historical boundaries never changed."
"slovenia_western_slovenia_SI04_2021_2024","slovenia","slovenia_western_slovenia","SI04","SI04","NUTS 2024 correspondence","2021","2024","same_nuts2024_source_code_used_across_series","true","This confirms a stable source code in the selected Eurostat NUTS 2024 series; it is not a cadastral statement that historical boundaries never changed."
"austria_burgenland_AT11_2021_2024","austria","austria_burgenland","AT11","AT11","NUTS 2024 correspondence","2021","2024","same_nuts2024_source_code_used_across_series","true","This confirms a stable source code in the selected Eurostat NUTS 2024 series; it is not a cadastral statement that historical boundaries never changed."
"austria_carinthia_AT21_2021_2024","austria","austria_carinthia","AT21","AT21","NUTS 2024 correspondence","2021","2024","same_nuts2024_source_code_used_across_series","true","This confirms a stable source code in the selected Eurostat NUTS 2024 series; it is not a cadastral statement that historical boundaries never changed."
"austria_lower_austria_AT12_2021_2024","austria","austria_lower_austria","AT12","AT12","NUTS 2024 correspondence","2021","2024","same_nuts2024_source_code_used_across_series","true","This confirms a stable source code in the selected Eurostat NUTS 2024 series; it is not a cadastral statement that historical boundaries never changed."
"austria_upper_austria_AT31_2021_2024","austria","austria_upper_austria","AT31","AT31","NUTS 2024 correspondence","2021","2024","same_nuts2024_source_code_used_across_series","true","This confirms a stable source code in the selected Eurostat NUTS 2024 series; it is not a cadastral statement that historical boundaries never changed."
"austria_salzburg_AT32_2021_2024","austria","austria_salzburg","AT32","AT32","NUTS 2024 correspondence","2021","2024","same_nuts2024_source_code_used_across_series","true","This confirms a stable source code in the selected Eurostat NUTS 2024 series; it is not a cadastral statement that historical boundaries never changed."
"austria_styria_AT22_2021_2024","austria","austria_styria","AT22","AT22","NUTS 2024 correspondence","2021","2024","same_nuts2024_source_code_used_across_series","true","This confirms a stable source code in the selected Eurostat NUTS 2024 series; it is not a cadastral statement that historical boundaries never changed."
"austria_tyrol_AT33_2021_2024","austria","austria_tyrol","AT33","AT33","NUTS 2024 correspondence","2021","2024","same_nuts2024_source_code_used_across_series","true","This confirms a stable source code in the selected Eurostat NUTS 2024 series; it is not a cadastral statement that historical boundaries never changed."
"austria_vorarlberg_AT34_2021_2024","austria","austria_vorarlberg","AT34","AT34","NUTS 2024 correspondence","2021","2024","same_nuts2024_source_code_used_across_series","true","This confirms a stable source code in the selected Eurostat NUTS 2024 series; it is not a cadastral statement that historical boundaries never changed."
"austria_vienna_AT13_2021_2024","austria","austria_vienna","AT13","AT13","NUTS 2024 correspondence","2021","2024","same_nuts2024_source_code_used_across_series","true","This confirms a stable source code in the selected Eurostat NUTS 2024 series; it is not a cadastral statement that historical boundaries never changed."
"croatia_zagreb_county_HR065_2021_2024","croatia","croatia_zagreb_county","HR065","HR065","NUTS 2024 correspondence","2021","2024","same_nuts2024_source_code_used_across_series","true","This confirms a stable source code in the selected Eurostat NUTS 2024 series; it is not a cadastral statement that historical boundaries never changed."
"croatia_krapina_zagorje_HR064_2021_2024","croatia","croatia_krapina_zagorje","HR064","HR064","NUTS 2024 correspondence","2021","2024","same_nuts2024_source_code_used_across_series","true","This confirms a stable source code in the selected Eurostat NUTS 2024 series; it is not a cadastral statement that historical boundaries never changed."
"croatia_sisak_moslavina_HR028_2021_2024","croatia","croatia_sisak_moslavina","HR028","HR028","NUTS 2024 correspondence","2021","2024","same_nuts2024_source_code_used_across_series","true","This confirms a stable source code in the selected Eurostat NUTS 2024 series; it is not a cadastral statement that historical boundaries never changed."
"croatia_karlovac_HR027_2021_2024","croatia","croatia_karlovac","HR027","HR027","NUTS 2024 correspondence","2021","2024","same_nuts2024_source_code_used_across_series","true","This confirms a stable source code in the selected Eurostat NUTS 2024 series; it is not a cadastral statement that historical boundaries never changed."
"croatia_varazdin_HR062_2021_2024","croatia","croatia_varazdin","HR062","HR062","NUTS 2024 correspondence","2021","2024","same_nuts2024_source_code_used_across_series","true","This confirms a stable source code in the selected Eurostat NUTS 2024 series; it is not a cadastral statement that historical boundaries never changed."
"croatia_koprivnica_krizevci_HR063_2021_2024","croatia","croatia_koprivnica_krizevci","HR063","HR063","NUTS 2024 correspondence","2021","2024","same_nuts2024_source_code_used_across_series","true","This confirms a stable source code in the selected Eurostat NUTS 2024 series; it is not a cadastral statement that historical boundaries never changed."
"croatia_bjelovar_bilogora_HR021_2021_2024","croatia","croatia_bjelovar_bilogora","HR021","HR021","NUTS 2024 correspondence","2021","2024","same_nuts2024_source_code_used_across_series","true","This confirms a stable source code in the selected Eurostat NUTS 2024 series; it is not a cadastral statement that historical boundaries never changed."
"croatia_primorje_gorski_kotar_HR031_2021_2024","croatia","croatia_primorje_gorski_kotar","HR031","HR031","NUTS 2024 correspondence","2021","2024","same_nuts2024_source_code_used_across_series","true","This confirms a stable source code in the selected Eurostat NUTS 2024 series; it is not a cadastral statement that historical boundaries never changed."
"croatia_lika_senj_HR032_2021_2024","croatia","croatia_lika_senj","HR032","HR032","NUTS 2024 correspondence","2021","2024","same_nuts2024_source_code_used_across_series","true","This confirms a stable source code in the selected Eurostat NUTS 2024 series; it is not a cadastral statement that historical boundaries never changed."
"croatia_virovitica_podravina_HR022_2021_2024","croatia","croatia_virovitica_podravina","HR022","HR022","NUTS 2024 correspondence","2021","2024","same_nuts2024_source_code_used_across_series","true","This confirms a stable source code in the selected Eurostat NUTS 2024 series; it is not a cadastral statement that historical boundaries never changed."
"croatia_pozega_slavonia_HR023_2021_2024","croatia","croatia_pozega_slavonia","HR023","HR023","NUTS 2024 correspondence","2021","2024","same_nuts2024_source_code_used_across_series","true","This confirms a stable source code in the selected Eurostat NUTS 2024 series; it is not a cadastral statement that historical boundaries never changed."
"croatia_brod_posavina_HR024_2021_2024","croatia","croatia_brod_posavina","HR024","HR024","NUTS 2024 correspondence","2021","2024","same_nuts2024_source_code_used_across_series","true","This confirms a stable source code in the selected Eurostat NUTS 2024 series; it is not a cadastral statement that historical boundaries never changed."
"croatia_zadar_HR033_2021_2024","croatia","croatia_zadar","HR033","HR033","NUTS 2024 correspondence","2021","2024","same_nuts2024_source_code_used_across_series","true","This confirms a stable source code in the selected Eurostat NUTS 2024 series; it is not a cadastral statement that historical boundaries never changed."
"croatia_osijek_baranja_HR025_2021_2024","croatia","croatia_osijek_baranja","HR025","HR025","NUTS 2024 correspondence","2021","2024","same_nuts2024_source_code_used_across_series","true","This confirms a stable source code in the selected Eurostat NUTS 2024 series; it is not a cadastral statement that historical boundaries never changed."
"croatia_sibenik_knin_HR034_2021_2024","croatia","croatia_sibenik_knin","HR034","HR034","NUTS 2024 correspondence","2021","2024","same_nuts2024_source_code_used_across_series","true","This confirms a stable source code in the selected Eurostat NUTS 2024 series; it is not a cadastral statement that historical boundaries never changed."
"croatia_vukovar_srijem_HR026_2021_2024","croatia","croatia_vukovar_srijem","HR026","HR026","NUTS 2024 correspondence","2021","2024","same_nuts2024_source_code_used_across_series","true","This confirms a stable source code in the selected Eurostat NUTS 2024 series; it is not a cadastral statement that historical boundaries never changed."
"croatia_split_dalmatia_HR035_2021_2024","croatia","croatia_split_dalmatia","HR035","HR035","NUTS 2024 correspondence","2021","2024","same_nuts2024_source_code_used_across_series","true","This confirms a stable source code in the selected Eurostat NUTS 2024 series; it is not a cadastral statement that historical boundaries never changed."
"croatia_istria_HR036_2021_2024","croatia","croatia_istria","HR036","HR036","NUTS 2024 correspondence","2021","2024","same_nuts2024_source_code_used_across_series","true","This confirms a stable source code in the selected Eurostat NUTS 2024 series; it is not a cadastral statement that historical boundaries never changed."
"croatia_dubrovnik_neretva_HR037_2021_2024","croatia","croatia_dubrovnik_neretva","HR037","HR037","NUTS 2024 correspondence","2021","2024","same_nuts2024_source_code_used_across_series","true","This confirms a stable source code in the selected Eurostat NUTS 2024 series; it is not a cadastral statement that historical boundaries never changed."
"croatia_medimurje_HR061_2021_2024","croatia","croatia_medimurje","HR061","HR061","NUTS 2024 correspondence","2021","2024","same_nuts2024_source_code_used_across_series","true","This confirms a stable source code in the selected Eurostat NUTS 2024 series; it is not a cadastral statement that historical boundaries never changed."
"croatia_zagreb_city_HR050_2021_2024","croatia","croatia_zagreb_city","HR050","HR050","NUTS 2024 correspondence","2021","2024","same_nuts2024_source_code_used_across_series","true","This confirms a stable source code in the selected Eurostat NUTS 2024 series; it is not a cadastral statement that historical boundaries never changed."
