scenario_id,country_slug,shock_value,baseline_score,scenario_score,score_change,status
"inflation_resurgence","poland","1","22","27","5","available"
"inflation_resurgence","poland","2","22","32","10","available"
"inflation_resurgence","poland","3","22","37","15","available"
"inflation_resurgence","poland","4","22","42","20","available"
"inflation_resurgence","poland","5","22","47","25","available"
"eu_funds_delay","poland","0.5","61.3","63.8","2.5","available"
"eu_funds_delay","poland","1","61.3","66.3","5","available"
"eu_funds_delay","poland","1.5","61.3","68.8","7.5","available"
"eu_funds_delay","poland","2","61.3","71.3","10","available"
"eu_funds_delay","poland","3","61.3","74.8","13.5","available"
"energy_price_shock","poland","10","41.5","42.8","1.3","available"
"energy_price_shock","poland","20","41.5","44","2.5","available"
"energy_price_shock","poland","30","41.5","45.3","3.8","available"
"energy_price_shock","poland","40","41.5","46.6","5.1","available"
"energy_price_shock","poland","50","41.5","47.9","6.4","available"
"germany_demand_slowdown","poland","-2","41.5","42","0.5","available"
"germany_demand_slowdown","poland","-5","41.5","42.8","1.3","available"
"germany_demand_slowdown","poland","-10","41.5","44.2","2.7","available"
"germany_demand_slowdown","poland","-15","41.5","45.5","4","available"
"germany_demand_slowdown","poland","-20","41.5","46.9","5.4","available"
"inflation_resurgence","hungary","1","34","39","5","available"
"inflation_resurgence","hungary","2","34","44","10","available"
"inflation_resurgence","hungary","3","34","49","15","available"
"inflation_resurgence","hungary","4","34","54","20","available"
"inflation_resurgence","hungary","5","34","59","25","available"
"eu_funds_delay","hungary","0.5","57.6","60.1","2.5","available"
"eu_funds_delay","hungary","1","57.6","62.6","5","available"
"eu_funds_delay","hungary","1.5","57.6","65.1","7.5","available"
"eu_funds_delay","hungary","2","57.6","67.6","10","available"
"eu_funds_delay","hungary","3","57.6","72.6","15","available"
"energy_price_shock","hungary","10","46.3","47.8","1.5","available"
"energy_price_shock","hungary","20","46.3","49.2","2.9","available"
"energy_price_shock","hungary","30","46.3","50.6","4.3","available"
"energy_price_shock","hungary","40","46.3","52","5.7","available"
"energy_price_shock","hungary","50","46.3","52.1","5.8","available"
"germany_demand_slowdown","hungary","-2","46.3","46.8","0.5","available"
"germany_demand_slowdown","hungary","-5","46.3","47.5","1.2","available"
"germany_demand_slowdown","hungary","-10","46.3","48.8","2.5","available"
"germany_demand_slowdown","hungary","-15","46.3","50","3.7","available"
"germany_demand_slowdown","hungary","-20","46.3","51.2","4.9","available"
"inflation_resurgence","czechia","1","15.5","20.5","5","available"
"inflation_resurgence","czechia","2","15.5","25.5","10","available"
"inflation_resurgence","czechia","3","15.5","30.5","15","available"
"inflation_resurgence","czechia","4","15.5","35.5","20","available"
"inflation_resurgence","czechia","5","15.5","40.5","25","available"
"eu_funds_delay","czechia","0.5","25.7","28.2","2.5","available"
"eu_funds_delay","czechia","1","25.7","30.7","5","available"
"eu_funds_delay","czechia","1.5","25.7","33.2","7.5","available"
"eu_funds_delay","czechia","2","25.7","35.7","10","available"
"eu_funds_delay","czechia","3","25.7","40.7","15","available"
"energy_price_shock","czechia","10","66.2","67.3","1.1","available"
"energy_price_shock","czechia","20","66.2","68.5","2.3","available"
"energy_price_shock","czechia","30","66.2","69.6","3.4","available"
"energy_price_shock","czechia","40","66.2","70.8","4.6","available"
"energy_price_shock","czechia","50","66.2","71.9","5.7","available"
"germany_demand_slowdown","czechia","-2","66.2","66.9","0.7","available"
"germany_demand_slowdown","czechia","-5","66.2","67.8","1.6","available"
"germany_demand_slowdown","czechia","-10","66.2","69.4","3.2","available"
"germany_demand_slowdown","czechia","-15","66.2","71","4.8","available"
"germany_demand_slowdown","czechia","-20","66.2","72.7","6.5","available"
"inflation_resurgence","slovakia","1","38","43","5","available"
"inflation_resurgence","slovakia","2","38","48","10","available"
"inflation_resurgence","slovakia","3","38","53","15","available"
"inflation_resurgence","slovakia","4","38","58","20","available"
"inflation_resurgence","slovakia","5","38","63","25","available"
"eu_funds_delay","slovakia","0.5","48.4","50.9","2.5","available"
"eu_funds_delay","slovakia","1","48.4","53.4","5","available"
"eu_funds_delay","slovakia","1.5","48.4","55.9","7.5","available"
"eu_funds_delay","slovakia","2","48.4","58.4","10","available"
"eu_funds_delay","slovakia","3","48.4","63.4","15","available"
"energy_price_shock","slovakia","10","55.2","56.4","1.2","available"
"energy_price_shock","slovakia","20","55.2","57.6","2.4","available"
"energy_price_shock","slovakia","30","55.2","58.8","3.6","available"
"energy_price_shock","slovakia","40","55.2","59.9","4.7","available"
"energy_price_shock","slovakia","50","55.2","61.1","5.9","available"
"germany_demand_slowdown","slovakia","-2","55.2","55.6","0.4","available"
"germany_demand_slowdown","slovakia","-5","55.2","56.3","1.1","available"
"germany_demand_slowdown","slovakia","-10","55.2","57.3","2.1","available"
"germany_demand_slowdown","slovakia","-15","55.2","58.4","3.2","available"
"germany_demand_slowdown","slovakia","-20","55.2","59.5","4.3","available"
"inflation_resurgence","germany","1","20.5","25.5","5","available"
"inflation_resurgence","germany","2","20.5","30.5","10","available"
"inflation_resurgence","germany","3","20.5","35.5","15","available"
"inflation_resurgence","germany","4","20.5","40.5","20","available"
"inflation_resurgence","germany","5","20.5","45.5","25","available"
"eu_funds_delay","germany","0.5","40.7","43.2","2.5","available"
"eu_funds_delay","germany","1","40.7","45.7","5","available"
"eu_funds_delay","germany","1.5","40.7","48.2","7.5","available"
"eu_funds_delay","germany","2","40.7","50.7","10","available"
"eu_funds_delay","germany","3","40.7","55.7","15","available"
"energy_price_shock","germany","10",,,,"unavailable"
"energy_price_shock","germany","20",,,,"unavailable"
"energy_price_shock","germany","30",,,,"unavailable"
"energy_price_shock","germany","40",,,,"unavailable"
"energy_price_shock","germany","50",,,,"unavailable"
"germany_demand_slowdown","germany","-2",,,,"unavailable"
"germany_demand_slowdown","germany","-5",,,,"unavailable"
"germany_demand_slowdown","germany","-10",,,,"unavailable"
"germany_demand_slowdown","germany","-15",,,,"unavailable"
"germany_demand_slowdown","germany","-20",,,,"unavailable"
"inflation_resurgence","romania","1","54.5","59.5","5","available"
"inflation_resurgence","romania","2","54.5","64.5","10","available"
"inflation_resurgence","romania","3","54.5","69.5","15","available"
"inflation_resurgence","romania","4","54.5","70.5","16","available"
"inflation_resurgence","romania","5","54.5","70.5","16","available"
"eu_funds_delay","romania","0.5","64.1","66.6","2.5","available"
"eu_funds_delay","romania","1","64.1","69.1","5","available"
"eu_funds_delay","romania","1.5","64.1","71.6","7.5","available"
"eu_funds_delay","romania","2","64.1","74.1","10","available"
"eu_funds_delay","romania","3","64.1","74.6","10.5","available"
"energy_price_shock","romania","10","31.7","32.7","1","available"
"energy_price_shock","romania","20","31.7","33.6","1.9","available"
"energy_price_shock","romania","30","31.7","34.6","2.9","available"
"energy_price_shock","romania","40","31.7","35.6","3.9","available"
"energy_price_shock","romania","50","31.7","36.6","4.9","available"
"germany_demand_slowdown","romania","-2","31.7","32.2","0.5","available"
"germany_demand_slowdown","romania","-5","31.7","32.8","1.1","available"
"germany_demand_slowdown","romania","-10","31.7","33.8","2.1","available"
"germany_demand_slowdown","romania","-15","31.7","34.8","3.1","available"
"germany_demand_slowdown","romania","-20","31.7","35.8","4.1","available"
"inflation_resurgence","slovenia","1","22","27","5","available"
"inflation_resurgence","slovenia","2","22","32","10","available"
"inflation_resurgence","slovenia","3","22","37","15","available"
"inflation_resurgence","slovenia","4","22","42","20","available"
"inflation_resurgence","slovenia","5","22","47","25","available"
"eu_funds_delay","slovenia","0.5","41.1","43.6","2.5","available"
"eu_funds_delay","slovenia","1","41.1","46.1","5","available"
"eu_funds_delay","slovenia","1.5","41.1","48.6","7.5","available"
"eu_funds_delay","slovenia","2","41.1","51.1","10","available"
"eu_funds_delay","slovenia","3","41.1","56.1","15","available"
"energy_price_shock","slovenia","10","24.1","25.1","1","available"
"energy_price_shock","slovenia","20","24.1","26.2","2.1","available"
"energy_price_shock","slovenia","30","24.1","27.3","3.2","available"
"energy_price_shock","slovenia","40","24.1","28.3","4.2","available"
"energy_price_shock","slovenia","50","24.1","29.4","5.3","available"
"germany_demand_slowdown","slovenia","-2","24.1","24.3","0.2","available"
"germany_demand_slowdown","slovenia","-5","24.1","24.7","0.6","available"
"germany_demand_slowdown","slovenia","-10","24.1","25.3","1.2","available"
"germany_demand_slowdown","slovenia","-15","24.1","25.9","1.8","available"
"germany_demand_slowdown","slovenia","-20","24.1","26.5","2.4","available"
"inflation_resurgence","serbia","1",,,,"unavailable"
"inflation_resurgence","serbia","2",,,,"unavailable"
"inflation_resurgence","serbia","3",,,,"unavailable"
"inflation_resurgence","serbia","4",,,,"unavailable"
"inflation_resurgence","serbia","5",,,,"unavailable"
"eu_funds_delay","serbia","0.5",,,,"unavailable"
"eu_funds_delay","serbia","1",,,,"unavailable"
"eu_funds_delay","serbia","1.5",,,,"unavailable"
"eu_funds_delay","serbia","2",,,,"unavailable"
"eu_funds_delay","serbia","3",,,,"unavailable"
"energy_price_shock","serbia","10","22.5","23.3","0.8","available"
"energy_price_shock","serbia","20","22.5","24.2","1.7","available"
"energy_price_shock","serbia","30","22.5","25","2.5","available"
"energy_price_shock","serbia","40","22.5","25.9","3.4","available"
"energy_price_shock","serbia","50","22.5","26.7","4.2","available"
"germany_demand_slowdown","serbia","-2","22.5","22.8","0.3","available"
"germany_demand_slowdown","serbia","-5","22.5","23.3","0.8","available"
"germany_demand_slowdown","serbia","-10","22.5","24","1.5","available"
"germany_demand_slowdown","serbia","-15","22.5","24.8","2.3","available"
"germany_demand_slowdown","serbia","-20","22.5","25.6","3.1","available"
"inflation_resurgence","austria","1","36.5","41.5","5","available"
"inflation_resurgence","austria","2","36.5","46.5","10","available"
"inflation_resurgence","austria","3","36.5","51.5","15","available"
"inflation_resurgence","austria","4","36.5","56.5","20","available"
"inflation_resurgence","austria","5","36.5","61.5","25","available"
"eu_funds_delay","austria","0.5","59.4","61.9","2.5","available"
"eu_funds_delay","austria","1","59.4","64.4","5","available"
"eu_funds_delay","austria","1.5","59.4","66.9","7.5","available"
"eu_funds_delay","austria","2","59.4","69.4","10","available"
"eu_funds_delay","austria","3","59.4","74.4","15","available"
"energy_price_shock","austria","10","36.2","37.4","1.2","available"
"energy_price_shock","austria","20","36.2","38.5","2.3","available"
"energy_price_shock","austria","30","36.2","39.8","3.6","available"
"energy_price_shock","austria","40","36.2","40.9","4.7","available"
"energy_price_shock","austria","50","36.2","42.1","5.9","available"
"germany_demand_slowdown","austria","-2","36.2","36.7","0.5","available"
"germany_demand_slowdown","austria","-5","36.2","37.6","1.4","available"
"germany_demand_slowdown","austria","-10","36.2","39.1","2.9","available"
"germany_demand_slowdown","austria","-15","36.2","40.6","4.4","available"
"germany_demand_slowdown","austria","-20","36.2","42.1","5.9","available"
"inflation_resurgence","croatia","1","36.5","41.5","5","available"
"inflation_resurgence","croatia","2","36.5","46.5","10","available"
"inflation_resurgence","croatia","3","36.5","51.5","15","available"
"inflation_resurgence","croatia","4","36.5","56.5","20","available"
"inflation_resurgence","croatia","5","36.5","61.5","25","available"
"eu_funds_delay","croatia","0.5","37.7","40.2","2.5","available"
"eu_funds_delay","croatia","1","37.7","42.7","5","available"
"eu_funds_delay","croatia","1.5","37.7","45.2","7.5","available"
"eu_funds_delay","croatia","2","37.7","47.7","10","available"
"eu_funds_delay","croatia","3","37.7","52.7","15","available"
"energy_price_shock","croatia","10","15.8","17.3","1.5","available"
"energy_price_shock","croatia","20","15.8","18.8","3","available"
"energy_price_shock","croatia","30","15.8","20.3","4.5","available"
"energy_price_shock","croatia","40","15.8","20.9","5.1","available"
"energy_price_shock","croatia","50","15.8","20.9","5.1","available"
"germany_demand_slowdown","croatia","-2","15.8","16.1","0.3","available"
"germany_demand_slowdown","croatia","-5","15.8","16.4","0.6","available"
"germany_demand_slowdown","croatia","-10","15.8","17","1.2","available"
"germany_demand_slowdown","croatia","-15","15.8","17.6","1.8","available"
"germany_demand_slowdown","croatia","-20","15.8","18.3","2.5","available"
